,time,coords_1,coords_2,distance
0,2019-11-05 08:54:32+00:00,,"('52.3696896997998', '4.911510845966745', datetime.datetime(2019, 11, 5, 8, 54, 32, tzinfo=tzutc()))",
1,2019-11-05 08:55:02+00:00,,"('52.369466977365214', '4.9121331184582', datetime.datetime(2019, 11, 5, 8, 55, 6, tzinfo=tzutc()))",
2,2019-11-05 08:55:32+00:00,,"('52.369466977365214', '4.9121331184582', datetime.datetime(2019, 11, 5, 8, 55, 6, tzinfo=tzutc()))",
3,2019-11-05 08:56:02+00:00,,"('52.369231152386924', '4.912723204441477', datetime.datetime(2019, 11, 5, 8, 55, 40, tzinfo=tzutc()))",
4,2019-11-05 08:56:32+00:00,,"('52.36898222465506', '4.913505393878495', datetime.datetime(2019, 11, 5, 8, 56, 22, tzinfo=tzutc()))",
5,2019-11-05 08:57:02+00:00,,"('52.368857760263076', '4.9139667338290565', datetime.datetime(2019, 11, 5, 8, 56, 46, tzinfo=tzutc()))",
6,2019-11-05 08:57:32+00:00,,"('52.36849091580457', '4.9150396174350135', datetime.datetime(2019, 11, 5, 8, 57, 45, tzinfo=tzutc()))",
7,2019-11-05 08:58:02+00:00,,"('52.36849091580457', '4.9150396174350135', datetime.datetime(2019, 11, 5, 8, 57, 45, tzinfo=tzutc()))",
8,2019-11-05 08:58:32+00:00,,"('52.36824001048172', '4.915705531964477', datetime.datetime(2019, 11, 5, 8, 58, 22, tzinfo=tzutc()))",
9,2019-11-05 08:59:02+00:00,,"('52.367997628059236', '4.916499465832885', datetime.datetime(2019, 11, 5, 8, 59, 5, tzinfo=tzutc()))",
10,2019-11-05 08:59:32+00:00,,"('52.367997628059236', '4.916499465832885', datetime.datetime(2019, 11, 5, 8, 59, 5, tzinfo=tzutc()))",
11,2019-11-05 09:00:02+00:00,,"('52.367702836834134', '4.917282670865234', datetime.datetime(2019, 11, 5, 8, 59, 49, tzinfo=tzutc()))",
12,2019-11-05 09:00:32+00:00,,"('52.36751285922449', '4.917958587536987', datetime.datetime(2019, 11, 5, 9, 0, 25, tzinfo=tzutc()))",
13,2019-11-05 09:01:02+00:00,,"('52.367349084767305', '4.918849080929931', datetime.datetime(2019, 11, 5, 9, 1, 10, tzinfo=tzutc()))",
14,2019-11-05 09:01:32+00:00,,"('52.367349084767305', '4.918849080929931', datetime.datetime(2019, 11, 5, 9, 1, 10, tzinfo=tzutc()))",
15,2019-11-05 09:02:02+00:00,,"('52.3669822277799', '4.919331878552612', datetime.datetime(2019, 11, 5, 9, 1, 47, tzinfo=tzutc()))",
16,2019-11-05 09:02:32+00:00,,"('52.36671363412523', '4.920072168240722', datetime.datetime(2019, 11, 5, 9, 2, 28, tzinfo=tzutc()))",
17,2019-11-05 09:03:02+00:00,,"('52.3664384877125', '4.9207588137485345', datetime.datetime(2019, 11, 5, 9, 3, 7, tzinfo=tzutc()))",
18,2019-11-05 09:03:32+00:00,,"('52.3664384877125', '4.9207588137485345', datetime.datetime(2019, 11, 5, 9, 3, 7, tzinfo=tzutc()))",
19,2019-11-05 09:04:02+00:00,,"('52.36627470927227', '4.921316713223632', datetime.datetime(2019, 11, 5, 9, 3, 37, tzinfo=tzutc()))",
20,2019-11-05 09:04:32+00:00,,"('52.365920945769204', '4.921788782010253', datetime.datetime(2019, 11, 5, 9, 4, 13, tzinfo=tzutc()))",
21,2019-11-05 09:05:02+00:00,,"('52.36549511557311', '4.922196477780517', datetime.datetime(2019, 11, 5, 9, 4, 52, tzinfo=tzutc()))",
22,2019-11-05 09:05:32+00:00,,"('52.36525271808982', '4.92186388386267', datetime.datetime(2019, 11, 5, 9, 5, 17, tzinfo=tzutc()))",
23,2019-11-05 09:06:02+00:00,,"('52.364839984179696', '4.9210592211582025', datetime.datetime(2019, 11, 5, 9, 6, 7, tzinfo=tzutc()))",
24,2019-11-05 09:06:32+00:00,,"('52.364839984179696', '4.9210592211582025', datetime.datetime(2019, 11, 5, 9, 6, 7, tzinfo=tzutc()))",
25,2019-11-05 09:07:02+00:00,,"('52.36455827469368', '4.920576423535522', datetime.datetime(2019, 11, 5, 9, 6, 39, tzinfo=tzutc()))",
26,2019-11-05 09:07:32+00:00,,"('52.36413898282995', '4.9196859301425775', datetime.datetime(2019, 11, 5, 9, 7, 33, tzinfo=tzutc()))",
27,2019-11-05 09:08:02+00:00,,"('52.36413898282995', '4.9196859301425775', datetime.datetime(2019, 11, 5, 9, 7, 33, tzinfo=tzutc()))",
28,2019-11-05 09:08:32+00:00,,"('52.36360175931414', '4.91963228596228', datetime.datetime(2019, 11, 5, 9, 8, 27, tzinfo=tzutc()))",
29,2019-11-05 09:09:02+00:00,,"('52.36324797440709', '4.920157998929199', datetime.datetime(2019, 11, 5, 9, 9, 4, tzinfo=tzutc()))",
30,2019-11-05 09:09:32+00:00,,"('52.36324797440709', '4.920157998929199', datetime.datetime(2019, 11, 5, 9, 9, 4, tzinfo=tzutc()))",
31,2019-11-05 09:10:02+00:00,,"('52.36250092626412', '4.919868255020333', datetime.datetime(2019, 11, 5, 9, 10, 4, tzinfo=tzutc()))",
32,2019-11-05 09:10:32+00:00,,"('52.36250092626412', '4.919868255020333', datetime.datetime(2019, 11, 5, 9, 10, 4, tzinfo=tzutc()))",
33,2019-11-05 09:11:02+00:00,,"('52.362088166646494', '4.920351052643014', datetime.datetime(2019, 11, 5, 9, 10, 44, tzinfo=tzutc()))",
34,2019-11-05 09:11:32+00:00,,"('52.361642644001954', '4.920597815872384', datetime.datetime(2019, 11, 5, 9, 11, 21, tzinfo=tzutc()))",
35,2019-11-05 09:12:02+00:00,,"('52.36114470161242', '4.92068364656086', datetime.datetime(2019, 11, 5, 9, 12, tzinfo=tzutc()))",
36,2019-11-05 09:12:32+00:00,,"('52.36092193609508', '4.921230817199898', datetime.datetime(2019, 11, 5, 9, 12, 31, tzinfo=tzutc()))",
37,2019-11-05 09:13:02+00:00,,"('52.361216772568746', '4.92219641244526', datetime.datetime(2019, 11, 5, 9, 13, 23, tzinfo=tzutc()))",
38,2019-11-05 09:13:32+00:00,,"('52.361216772568746', '4.92219641244526', datetime.datetime(2019, 11, 5, 9, 13, 23, tzinfo=tzutc()))",
39,2019-11-05 09:14:02+00:00,,"('52.36131505095611', '4.92343022859211', datetime.datetime(2019, 11, 5, 9, 14, 23, tzinfo=tzutc()))",
40,2019-11-05 09:14:32+00:00,,"('52.36131505095611', '4.92343022859211', datetime.datetime(2019, 11, 5, 9, 14, 23, tzinfo=tzutc()))",
41,2019-11-05 09:15:02+00:00,,"('52.36089572831334', '4.923795009018136', datetime.datetime(2019, 11, 5, 9, 15, tzinfo=tzutc()))",
42,2019-11-05 09:15:32+00:00,,"('52.360633649640796', '4.9243743661653525', datetime.datetime(2019, 11, 5, 9, 15, 34, tzinfo=tzutc()))",
43,2019-11-05 09:16:02+00:00,,"('52.360633649640796', '4.9243743661653525', datetime.datetime(2019, 11, 5, 9, 15, 34, tzinfo=tzutc()))",
44,2019-11-05 09:16:32+00:00,,"('52.360168456168765', '4.924588942886544', datetime.datetime(2019, 11, 5, 9, 16, 12, tzinfo=tzutc()))",
45,2019-11-05 09:17:02+00:00,,"('52.3599718940749', '4.92368772065754', datetime.datetime(2019, 11, 5, 9, 16, 58, tzinfo=tzutc()))",
46,2019-11-05 09:17:32+00:00,,"('52.35967049716603', '4.922883057953072', datetime.datetime(2019, 11, 5, 9, 17, 43, tzinfo=tzutc()))",
47,2019-11-05 09:18:02+00:00,,"('52.35967049716603', '4.922883057953072', datetime.datetime(2019, 11, 5, 9, 17, 43, tzinfo=tzutc()))",
48,2019-11-05 09:18:32+00:00,,"('52.35941496339385', '4.921638512970162', datetime.datetime(2019, 11, 5, 9, 18, 46, tzinfo=tzutc()))",
49,2019-11-05 09:19:02+00:00,,"('52.35941496339385', '4.921638512970162', datetime.datetime(2019, 11, 5, 9, 18, 46, tzinfo=tzutc()))",
50,2019-11-05 09:19:32+00:00,,"('52.35919218915605', '4.920544171692086', datetime.datetime(2019, 11, 5, 9, 19, 41, tzinfo=tzutc()))",
51,2019-11-05 09:20:02+00:00,,"('52.35919218915605', '4.920544171692086', datetime.datetime(2019, 11, 5, 9, 19, 41, tzinfo=tzutc()))",
52,2019-11-05 09:20:32+00:00,,"('52.358828913591736', '4.919261916472806', datetime.datetime(2019, 11, 5, 9, 20, 49, tzinfo=tzutc()))",
53,2019-11-05 09:21:02+00:00,,"('52.358828913591736', '4.919261916472806', datetime.datetime(2019, 11, 5, 9, 20, 49, tzinfo=tzutc()))",
54,2019-11-05 09:21:32+00:00,,"('52.358606136399374', '4.918392880751981', datetime.datetime(2019, 11, 5, 9, 21, 34, tzinfo=tzutc()))",
55,2019-11-05 09:22:02+00:00,,"('52.358606136399374', '4.918392880751981', datetime.datetime(2019, 11, 5, 9, 21, 34, tzinfo=tzutc()))",
56,2019-11-05 09:22:32+00:00,,"('52.35873062967473', '4.917384370162381', datetime.datetime(2019, 11, 5, 9, 22, 23, tzinfo=tzutc()))",
57,2019-11-05 09:23:02+00:00,,"('52.35945137332315', '4.917041047408475', datetime.datetime(2019, 11, 5, 9, 23, 22, tzinfo=tzutc()))",
58,2019-11-05 09:23:32+00:00,,"('52.35945137332315', '4.917041047408475', datetime.datetime(2019, 11, 5, 9, 23, 22, tzinfo=tzutc()))",
59,2019-11-05 09:24:02+00:00,,"('52.36006727221664', '4.916933759047879', datetime.datetime(2019, 11, 5, 9, 24, 11, tzinfo=tzutc()))",
60,2019-11-05 09:24:32+00:00,,"('52.36006727221664', '4.916933759047879', datetime.datetime(2019, 11, 5, 9, 24, 11, tzinfo=tzutc()))",
61,2019-11-05 09:25:02+00:00,,"('52.36037521844422', '4.916429503753079', datetime.datetime(2019, 11, 5, 9, 24, 45, tzinfo=tzutc()))",
62,2019-11-05 09:25:32+00:00,,"('52.360421082592346', '4.917255624129666', datetime.datetime(2019, 11, 5, 9, 25, 25, tzinfo=tzutc()))",
63,2019-11-05 09:26:02+00:00,,,
64,2019-11-05 09:26:32+00:00,,"('52.36046039468145', '4.918811305358304', datetime.datetime(2019, 11, 5, 9, 26, 40, tzinfo=tzutc()))",
65,2019-11-05 09:27:02+00:00,,"('52.36046039468145', '4.918811305358304', datetime.datetime(2019, 11, 5, 9, 26, 40, tzinfo=tzutc()))",
66,2019-11-05 09:27:32+00:00,,"('52.3605848283532', '4.919887292508747', datetime.datetime(2019, 11, 5, 9, 27, 33, tzinfo=tzutc()))",
67,2019-11-05 09:28:02+00:00,,"('52.3605848283532', '4.919887292508747', datetime.datetime(2019, 11, 5, 9, 27, 33, tzinfo=tzutc()))",
68,2019-11-05 09:28:32+00:00,,"('52.36088621902554', '4.920895803098347', datetime.datetime(2019, 11, 5, 9, 28, 27, tzinfo=tzutc()))",
69,2019-11-05 09:29:02+00:00,,"('52.36121381525073', '4.92180775416341', datetime.datetime(2019, 11, 5, 9, 29, 18, tzinfo=tzutc()))",
70,2019-11-05 09:29:32+00:00,,"('52.36121381525073', '4.92180775416341', datetime.datetime(2019, 11, 5, 9, 29, 18, tzinfo=tzutc()))",
71,2019-11-05 09:30:02+00:00,,"('52.361371060576126', '4.9229235531136055', datetime.datetime(2019, 11, 5, 9, 30, 13, tzinfo=tzutc()))",
72,2019-11-05 09:30:32+00:00,,"('52.361371060576126', '4.9229235531136055', datetime.datetime(2019, 11, 5, 9, 30, 13, tzinfo=tzutc()))",
73,2019-11-05 09:31:02+00:00,,"('52.36120071144836', '4.923663842801716', datetime.datetime(2019, 11, 5, 9, 30, 51, tzinfo=tzutc()))",
74,2019-11-05 09:31:32+00:00,,"('52.360820699489025', '4.924168098096516', datetime.datetime(2019, 11, 5, 9, 31, 29, tzinfo=tzutc()))",
75,2019-11-05 09:32:02+00:00,,"('52.36048782592933', '4.924608758957902', datetime.datetime(2019, 11, 5, 9, 32, 2, tzinfo=tzutc()))",
76,2019-11-05 09:32:32+00:00,,"('52.3601405681479', '4.924791149170915', datetime.datetime(2019, 11, 5, 9, 32, 30, tzinfo=tzutc()))",
77,2019-11-05 09:33:02+00:00,,"('52.35992107361426', '4.923755816491166', datetime.datetime(2019, 11, 5, 9, 33, 23, tzinfo=tzutc()))",
78,2019-11-05 09:33:32+00:00,,"('52.35992107361426', '4.923755816491166', datetime.datetime(2019, 11, 5, 9, 33, 23, tzinfo=tzutc()))",
79,2019-11-05 09:34:02+00:00,,"('52.3596819216126', '4.922602466614762', datetime.datetime(2019, 11, 5, 9, 34, 22, tzinfo=tzutc()))",
80,2019-11-05 09:34:32+00:00,,"('52.3596819216126', '4.922602466614762', datetime.datetime(2019, 11, 5, 9, 34, 22, tzinfo=tzutc()))",
81,2019-11-05 09:35:02+00:00,,"('52.35939706243712', '4.921386541260517', datetime.datetime(2019, 11, 5, 9, 35, 25, tzinfo=tzutc()))",
82,2019-11-05 09:35:32+00:00,,"('52.35939706243712', '4.921386541260517', datetime.datetime(2019, 11, 5, 9, 35, 25, tzinfo=tzutc()))",
83,2019-11-05 09:36:02+00:00,,"('52.35909238550017', '4.920415581597126', datetime.datetime(2019, 11, 5, 9, 36, 17, tzinfo=tzutc()))",
84,2019-11-05 09:36:32+00:00,,"('52.35909238550017', '4.920415581597126', datetime.datetime(2019, 11, 5, 9, 36, 17, tzinfo=tzutc()))",
85,2019-11-05 09:37:02+00:00,,"('52.358807363238014', '4.91907447708968', datetime.datetime(2019, 11, 5, 9, 37, 25, tzinfo=tzutc()))",
86,2019-11-05 09:37:32+00:00,,"('52.358807363238014', '4.91907447708968', datetime.datetime(2019, 11, 5, 9, 37, 25, tzinfo=tzutc()))",
87,2019-11-05 09:38:02+00:00,,"('52.35852233913746', '4.918130339516438', datetime.datetime(2019, 11, 5, 9, 38, 16, tzinfo=tzutc()))",
88,2019-11-05 09:38:32+00:00,,"('52.35852233913746', '4.918130339516438', datetime.datetime(2019, 11, 5, 9, 38, 16, tzinfo=tzutc()))",
89,2019-11-05 09:39:02+00:00,,"('52.3586730417645', '4.917497338188923', datetime.datetime(2019, 11, 5, 9, 38, 48, tzinfo=tzutc()))",
90,2019-11-05 09:39:32+00:00,,"('52.35912187045687', '4.917298854721821', datetime.datetime(2019, 11, 5, 9, 39, 24, tzinfo=tzutc()))",
91,2019-11-05 09:40:02+00:00,,"('52.35947568840242', '4.916880430115498', datetime.datetime(2019, 11, 5, 9, 39, 58, tzinfo=tzutc()))",
92,2019-11-05 09:40:32+00:00,,"('52.359865506484866', '4.9170574669128655', datetime.datetime(2019, 11, 5, 9, 40, 30, tzinfo=tzutc()))",
93,2019-11-05 09:41:02+00:00,,"('52.36028483890438', '4.916392279077172', datetime.datetime(2019, 11, 5, 9, 41, 16, tzinfo=tzutc()))",
94,2019-11-05 09:41:32+00:00,,"('52.36028483890438', '4.916392279077172', datetime.datetime(2019, 11, 5, 9, 41, 16, tzinfo=tzutc()))",
95,2019-11-05 09:42:02+00:00,,"('52.36064519952299', '4.91668732206881', datetime.datetime(2019, 11, 5, 9, 41, 47, tzinfo=tzutc()))",
96,2019-11-05 09:42:32+00:00,,"('52.36052726364406', '4.917041373658776', datetime.datetime(2019, 11, 5, 9, 42, 6, tzinfo=tzutc()))",
97,2019-11-05 09:43:02+00:00,,"('52.36029794297834', '4.91769046824038', datetime.datetime(2019, 11, 5, 9, 42, 42, tzinfo=tzutc()))",
98,2019-11-05 09:43:32+00:00,,"('52.36049777962515', '4.9187043432480095', datetime.datetime(2019, 11, 5, 9, 43, 33, tzinfo=tzutc()))",
99,2019-11-05 09:44:02+00:00,,"('52.36049777962515', '4.9187043432480095', datetime.datetime(2019, 11, 5, 9, 43, 33, tzinfo=tzutc()))",
100,2019-11-05 09:44:32+00:00,,"('52.36059278361568', '4.919648480821252', datetime.datetime(2019, 11, 5, 9, 44, 19, tzinfo=tzutc()))",
101,2019-11-05 09:45:02+00:00,,"('52.36116607922307', '4.920399499345422', datetime.datetime(2019, 11, 5, 9, 45, 17, tzinfo=tzutc()))",
102,2019-11-05 09:45:32+00:00,,"('52.36116607922307', '4.920399499345422', datetime.datetime(2019, 11, 5, 9, 45, 17, tzinfo=tzutc()))",
103,2019-11-05 09:46:02+00:00,,"('52.36159522706679', '4.920560431886315', datetime.datetime(2019, 11, 5, 9, 45, 51, tzinfo=tzutc()))",
104,2019-11-05 09:46:32+00:00,,"('52.36194393924342', '4.920520480606228', datetime.datetime(2019, 11, 5, 9, 46, 18, tzinfo=tzutc()))",
105,2019-11-05 09:47:02+00:00,,"('52.36243859676681', '4.920005496475369', datetime.datetime(2019, 11, 5, 9, 47, 4, tzinfo=tzutc()))",
106,2019-11-05 09:47:32+00:00,,"('52.36243859676681', '4.920005496475369', datetime.datetime(2019, 11, 5, 9, 47, 4, tzinfo=tzutc()))",
107,2019-11-05 09:48:02+00:00,,"('52.36294635204089', '4.919925030204922', datetime.datetime(2019, 11, 5, 9, 47, 44, tzinfo=tzutc()))",
108,2019-11-05 09:48:32+00:00,,"('52.363418067841', '4.9198445639344754', datetime.datetime(2019, 11, 5, 9, 48, 21, tzinfo=tzutc()))",
109,2019-11-05 09:49:02+00:00,,"('52.36363595179781', '4.919161039534856', datetime.datetime(2019, 11, 5, 9, 48, 58, tzinfo=tzutc()))",
110,2019-11-05 09:49:32+00:00,,"('52.3640650756527', '4.919493633452703', datetime.datetime(2019, 11, 5, 9, 49, 35, tzinfo=tzutc()))",
111,2019-11-05 09:50:02+00:00,,"('52.3640650756527', '4.919493633452703', datetime.datetime(2019, 11, 5, 9, 49, 35, tzinfo=tzutc()))",
112,2019-11-05 09:50:32+00:00,,"('52.36433368541031', '4.920228558722783', datetime.datetime(2019, 11, 5, 9, 50, 16, tzinfo=tzutc()))",
113,2019-11-05 09:51:02+00:00,,"('52.36460054112308', '4.9207877054965365', datetime.datetime(2019, 11, 5, 9, 50, 50, tzinfo=tzutc()))",
114,2019-11-05 09:51:32+00:00,,"('52.36492810980948', '4.921356333807694', datetime.datetime(2019, 11, 5, 9, 51, 27, tzinfo=tzutc()))",
115,2019-11-05 09:52:02+00:00,,"('52.36521309259099', '4.921715749815689', datetime.datetime(2019, 11, 5, 9, 51, 55, tzinfo=tzutc()))",
116,2019-11-05 09:52:32+00:00,,"('52.36548497100241', '4.922075165823685', datetime.datetime(2019, 11, 5, 9, 52, 22, tzinfo=tzutc()))",
117,2019-11-05 09:53:02+00:00,,"('52.36588450524201', '4.921911625778193', datetime.datetime(2019, 11, 5, 9, 52, 54, tzinfo=tzutc()))",
118,2019-11-05 09:53:32+00:00,,"('52.36618258418296', '4.92150393000793', datetime.datetime(2019, 11, 5, 9, 53, 24, tzinfo=tzutc()))",
119,2019-11-05 09:54:02+00:00,,"('52.366411114730475', '4.920926000560485', datetime.datetime(2019, 11, 5, 9, 53, 57, tzinfo=tzutc()))",
120,2019-11-05 09:54:32+00:00,,"('52.366673159134294', '4.920250083888732', datetime.datetime(2019, 11, 5, 9, 54, 35, tzinfo=tzutc()))",
121,2019-11-05 09:55:02+00:00,,"('52.366673159134294', '4.920250083888732', datetime.datetime(2019, 11, 5, 9, 54, 35, tzinfo=tzutc()))",
122,2019-11-05 09:55:32+00:00,,"('52.36696140618319', '4.919472243274413', datetime.datetime(2019, 11, 5, 9, 55, 19, tzinfo=tzutc()))",
123,2019-11-05 09:56:02+00:00,,"('52.36732171234949', '4.919016267741881', datetime.datetime(2019, 11, 5, 9, 55, 55, tzinfo=tzutc()))",
124,2019-11-05 09:56:32+00:00,,"('52.36750841529792', '4.918104316676818', datetime.datetime(2019, 11, 5, 9, 56, 41, tzinfo=tzutc()))",
125,2019-11-05 09:57:02+00:00,,"('52.36750841529792', '4.918104316676818', datetime.datetime(2019, 11, 5, 9, 56, 41, tzinfo=tzutc()))",
126,2019-11-05 09:57:32+00:00,,"('52.367613230642405', '4.917439128841124', datetime.datetime(2019, 11, 5, 9, 57, 14, tzinfo=tzutc()))",
127,2019-11-05 09:58:02+00:00,,"('52.367904747011565', '4.916607644046508', datetime.datetime(2019, 11, 5, 9, 58, tzinfo=tzutc()))",
128,2019-11-05 09:58:32+00:00,,"('52.368229015768826', '4.915851261104308', datetime.datetime(2019, 11, 5, 9, 58, 44, tzinfo=tzutc()))",
129,2019-11-05 09:59:02+00:00,,"('52.368229015768826', '4.915851261104308', datetime.datetime(2019, 11, 5, 9, 58, 44, tzinfo=tzutc()))",
130,2019-11-05 09:59:32+00:00,,"('52.36847794774523', '4.915148522342406', datetime.datetime(2019, 11, 5, 9, 59, 23, tzinfo=tzutc()))",
131,2019-11-05 10:00:02+00:00,,"('52.36870179372205', '4.914332999333965', datetime.datetime(2019, 11, 5, 10, 0, 6, tzinfo=tzutc()))",
132,2019-11-05 10:00:32+00:00,,"('52.36870179372205', '4.914332999333965', datetime.datetime(2019, 11, 5, 10, 0, 6, tzinfo=tzutc()))",
133,2019-11-05 10:01:02+00:00,,"('52.368970375288576', '4.913662447080242', datetime.datetime(2019, 11, 5, 10, 0, 44, tzinfo=tzutc()))",
134,2019-11-05 10:01:32+00:00,,"('52.369252056640484', '4.912863148793804', datetime.datetime(2019, 11, 5, 10, 1, 28, tzinfo=tzutc()))",
135,2019-11-05 10:02:02+00:00,,"('52.36957304017742', '4.911949968269937', datetime.datetime(2019, 11, 5, 10, 2, 19, tzinfo=tzutc()))",
136,2019-11-05 10:02:32+00:00,,"('52.36957304017742', '4.911949968269937', datetime.datetime(2019, 11, 5, 10, 2, 19, tzinfo=tzutc()))",
137,2019-11-05 10:03:02+00:00,,"('52.36970732851614', '4.911553001335733', datetime.datetime(2019, 11, 5, 10, 2, 41, tzinfo=tzutc()))",
138,2019-11-05 10:03:32+00:00,,,
139,2019-11-05 10:04:02+00:00,,,
140,2019-11-05 10:04:32+00:00,,,
141,2019-11-05 10:05:02+00:00,,,
142,2019-11-05 10:05:32+00:00,,,
143,2019-11-05 10:06:02+00:00,,,
144,2019-11-05 10:06:32+00:00,,,
145,2019-11-05 10:07:02+00:00,,,
146,2019-11-05 10:07:32+00:00,,,
147,2019-11-05 10:08:02+00:00,,,
148,2019-11-05 10:08:32+00:00,,,
149,2019-11-05 10:09:02+00:00,,,
150,2019-11-05 10:09:32+00:00,,,
151,2019-11-05 10:10:02+00:00,,,
152,2019-11-05 10:10:32+00:00,,,
153,2019-11-05 10:11:02+00:00,,,
154,2019-11-05 10:11:32+00:00,,,
155,2019-11-05 10:12:02+00:00,,,
156,2019-11-05 10:12:32+00:00,,,
157,2019-11-05 10:13:02+00:00,,,
158,2019-11-05 10:13:32+00:00,,,
159,2019-11-05 10:14:02+00:00,,,
160,2019-11-05 10:14:32+00:00,,,
161,2019-11-05 10:15:02+00:00,,,
162,2019-11-05 10:15:32+00:00,,,
163,2019-11-05 10:16:02+00:00,,,
164,2019-11-05 10:16:32+00:00,,,
165,2019-11-05 10:17:02+00:00,,,
166,2019-11-05 10:17:32+00:00,,,
167,2019-11-05 10:18:02+00:00,,,
168,2019-11-05 10:18:32+00:00,,,
169,2019-11-05 10:19:02+00:00,,,
170,2019-11-05 10:19:32+00:00,,,
171,2019-11-05 10:20:02+00:00,,,
172,2019-11-05 10:20:32+00:00,,,
173,2019-11-05 10:21:02+00:00,,,
174,2019-11-05 10:21:32+00:00,,,
175,2019-11-05 10:22:02+00:00,,,
176,2019-11-05 10:22:32+00:00,,,
177,2019-11-05 10:23:02+00:00,,,
178,2019-11-05 10:23:32+00:00,,,
179,2019-11-05 10:24:02+00:00,,,
180,2019-11-05 10:24:32+00:00,,,
181,2019-11-05 10:25:02+00:00,,,
182,2019-11-05 10:25:32+00:00,,,
183,2019-11-05 10:26:02+00:00,,,
184,2019-11-05 10:26:32+00:00,,,
185,2019-11-05 10:27:02+00:00,,,
186,2019-11-05 10:27:32+00:00,,,
187,2019-11-05 10:28:02+00:00,,,
188,2019-11-05 10:28:32+00:00,,,
189,2019-11-05 10:29:02+00:00,,,
190,2019-11-05 10:29:32+00:00,,,
191,2019-11-05 10:30:02+00:00,,,
192,2019-11-05 10:30:32+00:00,,,
193,2019-11-05 10:31:02+00:00,,,
194,2019-11-05 10:31:32+00:00,,,
195,2019-11-05 10:32:02+00:00,,,
196,2019-11-05 10:32:32+00:00,,,
197,2019-11-05 10:33:02+00:00,,,
198,2019-11-05 10:33:32+00:00,,,
199,2019-11-05 10:34:02+00:00,,,
200,2019-11-05 10:34:32+00:00,,,
201,2019-11-05 10:35:02+00:00,,,
202,2019-11-05 10:35:32+00:00,,,
203,2019-11-05 10:36:02+00:00,,,
204,2019-11-05 10:36:32+00:00,,,
205,2019-11-05 10:37:02+00:00,,,
206,2019-11-05 10:37:32+00:00,,,
207,2019-11-05 10:38:02+00:00,,,
208,2019-11-05 10:38:32+00:00,,,
209,2019-11-05 10:39:02+00:00,,,
210,2019-11-05 10:39:32+00:00,,,
211,2019-11-05 10:40:02+00:00,,,
212,2019-11-05 10:40:32+00:00,,,
213,2019-11-05 10:41:02+00:00,,,
214,2019-11-05 10:41:32+00:00,,,
215,2019-11-05 10:42:02+00:00,,,
216,2019-11-05 10:42:32+00:00,,,
217,2019-11-05 10:43:02+00:00,,,
218,2019-11-05 10:43:32+00:00,,,
219,2019-11-05 10:44:02+00:00,,,
220,2019-11-05 10:44:32+00:00,,,
221,2019-11-05 10:45:02+00:00,,,
222,2019-11-05 10:45:32+00:00,,,
223,2019-11-05 10:46:02+00:00,,,
224,2019-11-05 10:46:32+00:00,,,
225,2019-11-05 10:47:02+00:00,,,
226,2019-11-05 10:47:32+00:00,,,
227,2019-11-05 10:48:02+00:00,,,
228,2019-11-05 10:48:32+00:00,,,
229,2019-11-05 10:49:02+00:00,,,
230,2019-11-05 10:49:32+00:00,,,
231,2019-11-05 10:50:02+00:00,,,
232,2019-11-05 10:50:32+00:00,,,
233,2019-11-05 10:51:02+00:00,,,
234,2019-11-05 10:51:32+00:00,,,
235,2019-11-05 10:52:02+00:00,,,
236,2019-11-05 10:52:32+00:00,,,
237,2019-11-05 10:53:02+00:00,,,
238,2019-11-05 10:53:32+00:00,,,
239,2019-11-05 10:54:02+00:00,,,
240,2019-11-05 10:54:32+00:00,,,
241,2019-11-05 10:55:02+00:00,,,
242,2019-11-05 10:55:32+00:00,,,
243,2019-11-05 10:56:02+00:00,,,
244,2019-11-05 10:56:32+00:00,,,
245,2019-11-05 10:57:02+00:00,,,
246,2019-11-05 10:57:32+00:00,,,
247,2019-11-05 10:58:02+00:00,,,
248,2019-11-05 10:58:32+00:00,,,
249,2019-11-05 10:59:02+00:00,,,
250,2019-11-05 10:59:32+00:00,,,
251,2019-11-05 11:00:02+00:00,,,
252,2019-11-05 11:00:32+00:00,,,
253,2019-11-05 11:01:02+00:00,,,
254,2019-11-05 11:01:32+00:00,,,
255,2019-11-05 11:02:02+00:00,,,
256,2019-11-05 11:02:32+00:00,,,
257,2019-11-05 11:03:02+00:00,,,
258,2019-11-05 11:03:32+00:00,,,
259,2019-11-05 11:04:02+00:00,,,
260,2019-11-05 11:04:32+00:00,,,
261,2019-11-05 11:05:02+00:00,,,
262,2019-11-05 11:05:32+00:00,,,
263,2019-11-05 11:06:02+00:00,,,
264,2019-11-05 11:06:32+00:00,,,
265,2019-11-05 11:07:02+00:00,,,
266,2019-11-05 11:07:32+00:00,,,
267,2019-11-05 11:08:02+00:00,,,
268,2019-11-05 11:08:32+00:00,,,
269,2019-11-05 11:09:02+00:00,,,
270,2019-11-05 11:09:32+00:00,,,
271,2019-11-05 11:10:02+00:00,,,
272,2019-11-05 11:10:32+00:00,,,
273,2019-11-05 11:11:02+00:00,,,
274,2019-11-05 11:11:32+00:00,,,
275,2019-11-05 11:12:02+00:00,,,
276,2019-11-05 11:12:32+00:00,,,
277,2019-11-05 11:13:02+00:00,,,
278,2019-11-05 11:13:32+00:00,,,
279,2019-11-05 11:14:02+00:00,,,
280,2019-11-05 11:14:32+00:00,,,
281,2019-11-05 11:15:02+00:00,,,
282,2019-11-05 11:15:32+00:00,,,
283,2019-11-05 11:16:02+00:00,,,
284,2019-11-05 11:16:32+00:00,,,
285,2019-11-05 11:17:02+00:00,,,
286,2019-11-05 11:17:32+00:00,,,
287,2019-11-05 11:18:02+00:00,,,
288,2019-11-05 11:18:32+00:00,,,
289,2019-11-05 11:19:02+00:00,,,
290,2019-11-05 11:19:32+00:00,,,
291,2019-11-05 11:20:02+00:00,,,
292,2019-11-05 11:20:32+00:00,,,
293,2019-11-05 11:21:02+00:00,,,
294,2019-11-05 11:21:32+00:00,,,
295,2019-11-05 11:22:02+00:00,,,
296,2019-11-05 11:22:32+00:00,,,
297,2019-11-05 11:23:02+00:00,,,
298,2019-11-05 11:23:32+00:00,,,
299,2019-11-05 11:24:02+00:00,,,
300,2019-11-05 11:24:32+00:00,,,
301,2019-11-05 11:25:02+00:00,,,
302,2019-11-05 11:25:32+00:00,,,
303,2019-11-05 11:26:02+00:00,,,
304,2019-11-05 11:26:32+00:00,,,
305,2019-11-05 11:27:02+00:00,,,
306,2019-11-05 11:27:32+00:00,,,
307,2019-11-05 11:28:02+00:00,,,
308,2019-11-05 11:28:32+00:00,,,
309,2019-11-05 11:29:02+00:00,,,
310,2019-11-05 11:29:32+00:00,,,
311,2019-11-05 11:30:02+00:00,,,
312,2019-11-05 11:30:32+00:00,,,
313,2019-11-05 11:31:02+00:00,,,
314,2019-11-05 11:31:32+00:00,"('52.378851603519905', '4.88585622453752', datetime.datetime(2019, 11, 5, 11, 31, 42, tzinfo=tzutc()))",,
315,2019-11-05 11:32:02+00:00,"('52.378851603519905', '4.88585622453752', datetime.datetime(2019, 11, 5, 11, 31, 42, tzinfo=tzutc()))",,
316,2019-11-05 11:32:32+00:00,"('52.37896949048437', '4.886671616078047', datetime.datetime(2019, 11, 5, 11, 32, 22, tzinfo=tzutc()))",,
317,2019-11-05 11:33:02+00:00,"('52.37865403296082', '4.886413945242339', datetime.datetime(2019, 11, 5, 11, 32, 49, tzinfo=tzutc()))",,
318,2019-11-05 11:33:32+00:00,"('52.37818902922923', '4.8859955206360155', datetime.datetime(2019, 11, 5, 11, 33, 31, tzinfo=tzutc()))",,
319,2019-11-05 11:34:02+00:00,"('52.377992547307656', '4.886435402914458', datetime.datetime(2019, 11, 5, 11, 33, 57, tzinfo=tzutc()))",,
320,2019-11-05 11:34:32+00:00,"('52.37776986673966', '4.8871435060943895', datetime.datetime(2019, 11, 5, 11, 34, 35, tzinfo=tzutc()))",,
321,2019-11-05 11:35:02+00:00,"('52.37776986673966', '4.8871435060943895', datetime.datetime(2019, 11, 5, 11, 34, 35, tzinfo=tzutc()))",,
322,2019-11-05 11:35:32+00:00,"('52.37756683347839', '4.887797965094023', datetime.datetime(2019, 11, 5, 11, 35, 10, tzinfo=tzutc()))",,
323,2019-11-05 11:36:02+00:00,"('52.37738999729672', '4.888248576208525', datetime.datetime(2019, 11, 5, 11, 35, 35, tzinfo=tzutc()))",,
324,2019-11-05 11:36:32+00:00,"('52.377101818298165', '4.88913906960147', datetime.datetime(2019, 11, 5, 11, 36, 23, tzinfo=tzutc()))",,
325,2019-11-05 11:37:02+00:00,"('52.376926471115524', '4.8896301538839', datetime.datetime(2019, 11, 5, 11, 36, 50, tzinfo=tzutc()))",,
326,2019-11-05 11:37:32+00:00,"('52.3766251898645', '4.890263155211414', datetime.datetime(2019, 11, 5, 11, 37, 28, tzinfo=tzutc()))",,
327,2019-11-05 11:38:02+00:00,"('52.37644834991206', '4.890713766325916', datetime.datetime(2019, 11, 5, 11, 37, 53, tzinfo=tzutc()))",,
328,2019-11-05 11:38:32+00:00,"('52.376218566059784', '4.891491517555096', datetime.datetime(2019, 11, 5, 11, 38, 34, tzinfo=tzutc()))",,
329,2019-11-05 11:39:02+00:00,"('52.376218566059784', '4.891491517555096', datetime.datetime(2019, 11, 5, 11, 38, 34, tzinfo=tzutc()))",,
330,2019-11-05 11:39:32+00:00,"('52.376743082772734', '4.892060235251392', datetime.datetime(2019, 11, 5, 11, 39, 23, tzinfo=tzutc()))",,
331,2019-11-05 11:40:02+00:00,"('52.37693302068509', '4.892403558005299', datetime.datetime(2019, 11, 5, 11, 39, 45, tzinfo=tzutc()))",,
332,2019-11-05 11:40:32+00:00,"('52.37671033477424', '4.893390610922779', datetime.datetime(2019, 11, 5, 11, 40, 36, tzinfo=tzutc()))",,
333,2019-11-05 11:41:02+00:00,"('52.37671033477424', '4.893390610922779', datetime.datetime(2019, 11, 5, 11, 40, 36, tzinfo=tzutc()))",,
334,2019-11-05 11:41:32+00:00,"('52.377175354076876', '4.89410944293877', datetime.datetime(2019, 11, 5, 11, 41, 26, tzinfo=tzutc()))",,
335,2019-11-05 11:42:02+00:00,"('52.37745043361279', '4.8947317154302254', datetime.datetime(2019, 11, 5, 11, 42, 3, tzinfo=tzutc()))",,
336,2019-11-05 11:42:32+00:00,"('52.37745043361279', '4.8947317154302254', datetime.datetime(2019, 11, 5, 11, 42, 3, tzinfo=tzutc()))",,
337,2019-11-05 11:43:02+00:00,"('52.37775170923366', '4.895643666495289', datetime.datetime(2019, 11, 5, 11, 42, 53, tzinfo=tzutc()))",,
338,2019-11-05 11:43:32+00:00,"('52.378093780240995', '4.896748736609425', datetime.datetime(2019, 11, 5, 11, 43, 53, tzinfo=tzutc()))",,
339,2019-11-05 11:44:02+00:00,"('52.378093780240995', '4.896748736609425', datetime.datetime(2019, 11, 5, 11, 43, 53, tzinfo=tzutc()))",,
340,2019-11-05 11:44:32+00:00,"('52.378604630247594', '4.897499755133595', datetime.datetime(2019, 11, 5, 11, 44, 47, tzinfo=tzutc()))",,
341,2019-11-05 11:45:02+00:00,"('52.378604630247594', '4.897499755133595', datetime.datetime(2019, 11, 5, 11, 44, 47, tzinfo=tzutc()))",,
342,2019-11-05 11:45:32+00:00,"('52.37899758776969', '4.8980254681005135', datetime.datetime(2019, 11, 5, 11, 45, 27, tzinfo=tzutc()))",,
343,2019-11-05 11:46:02+00:00,,,
344,2019-11-05 11:46:32+00:00,,,
345,2019-11-05 11:47:02+00:00,"('52.379129359927155', '4.900267124176025', datetime.datetime(2019, 11, 5, 11, 47, 16, tzinfo=tzutc()))",,
346,2019-11-05 11:47:32+00:00,"('52.379129359927155', '4.900267124176025', datetime.datetime(2019, 11, 5, 11, 47, 16, tzinfo=tzutc()))",,
347,2019-11-05 11:48:02+00:00,"('52.37850065973672', '4.899757194639392', datetime.datetime(2019, 11, 5, 11, 48, 11, tzinfo=tzutc()))",,
348,2019-11-05 11:48:32+00:00,"('52.37850065973672', '4.899757194639392', datetime.datetime(2019, 11, 5, 11, 48, 11, tzinfo=tzutc()))",,
349,2019-11-05 11:49:02+00:00,"('52.378107697792494', '4.89956407559032', datetime.datetime(2019, 11, 5, 11, 48, 43, tzinfo=tzutc()))",,
350,2019-11-05 11:49:32+00:00,"('52.37758374309379', '4.898888158918567', datetime.datetime(2019, 11, 5, 11, 49, 35, tzinfo=tzutc()))",,
351,2019-11-05 11:50:02+00:00,"('52.37758374309379', '4.898888158918567', datetime.datetime(2019, 11, 5, 11, 49, 35, tzinfo=tzutc()))",,
352,2019-11-05 11:50:32+00:00,"('52.37689604311721', '4.898405361295886', datetime.datetime(2019, 11, 5, 11, 50, 34, tzinfo=tzutc()))",,
353,2019-11-05 11:51:02+00:00,"('52.37689604311721', '4.898405361295886', datetime.datetime(2019, 11, 5, 11, 50, 34, tzinfo=tzutc()))",,
354,2019-11-05 11:51:32+00:00,"('52.376706105045784', '4.899531889082141', datetime.datetime(2019, 11, 5, 11, 51, 30, tzinfo=tzutc()))",,
355,2019-11-05 11:52:02+00:00,"('52.37639827264344', '4.8999395848524046', datetime.datetime(2019, 11, 5, 11, 52, 1, tzinfo=tzutc()))",,
356,2019-11-05 11:52:32+00:00,"('52.37604459021304', '4.900368738294787', datetime.datetime(2019, 11, 5, 11, 52, 35, tzinfo=tzutc()))",,
357,2019-11-05 11:53:02+00:00,"('52.37604459021304', '4.900368738294787', datetime.datetime(2019, 11, 5, 11, 52, 35, tzinfo=tzutc()))",,
358,2019-11-05 11:53:32+00:00,"('52.375481312346416', '4.899843025327868', datetime.datetime(2019, 11, 5, 11, 53, 26, tzinfo=tzutc()))",,
359,2019-11-05 11:54:02+00:00,"('52.374845978689194', '4.899220752836413', datetime.datetime(2019, 11, 5, 11, 54, 24, tzinfo=tzutc()))",,
360,2019-11-05 11:54:32+00:00,"('52.374845978689194', '4.899220752836413', datetime.datetime(2019, 11, 5, 11, 54, 24, tzinfo=tzutc()))",,
361,2019-11-05 11:55:02+00:00,,,
362,2019-11-05 11:55:32+00:00,"('52.373993300155696', '4.8983671889839115', datetime.datetime(2019, 11, 5, 11, 55, 43, tzinfo=tzutc()))",,
363,2019-11-05 11:56:02+00:00,"('52.373993300155696', '4.8983671889839115', datetime.datetime(2019, 11, 5, 11, 55, 43, tzinfo=tzutc()))",,
364,2019-11-05 11:56:32+00:00,"('52.37342344603656', '4.897573255115503', datetime.datetime(2019, 11, 5, 11, 56, 42, tzinfo=tzutc()))",,
365,2019-11-05 11:57:02+00:00,"('52.37342344603656', '4.897573255115503', datetime.datetime(2019, 11, 5, 11, 56, 42, tzinfo=tzutc()))",,
366,2019-11-05 11:57:32+00:00,"('52.37303043891181', '4.897015355640406', datetime.datetime(2019, 11, 5, 11, 57, 23, tzinfo=tzutc()))",,
367,2019-11-05 11:58:02+00:00,"('52.37249332351904', '4.89640381198501', datetime.datetime(2019, 11, 5, 11, 58, 14, tzinfo=tzutc()))",,
368,2019-11-05 11:58:32+00:00,"('52.37249332351904', '4.89640381198501', datetime.datetime(2019, 11, 5, 11, 58, 14, tzinfo=tzutc()))",,
369,2019-11-05 11:59:02+00:00,"('52.37222476337321', '4.896028302722925', datetime.datetime(2019, 11, 5, 11, 58, 42, tzinfo=tzutc()))",,
370,2019-11-05 11:59:32+00:00,"('52.37169418852917', '4.895384572559351', datetime.datetime(2019, 11, 5, 11, 59, 34, tzinfo=tzutc()))",,
371,2019-11-05 12:00:02+00:00,"('52.37169418852917', '4.895384572559351', datetime.datetime(2019, 11, 5, 11, 59, 34, tzinfo=tzutc()))",,
372,2019-11-05 12:00:32+00:00,"('52.371347018823656', '4.895019792133326', datetime.datetime(2019, 11, 5, 12, 0, 6, tzinfo=tzutc()))",,
373,2019-11-05 12:01:02+00:00,"('52.37081643343566', '4.894601367527002', datetime.datetime(2019, 11, 5, 12, 0, 52, tzinfo=tzutc()))",,
374,2019-11-05 12:01:32+00:00,"('52.37038409988855', '4.8943975196418705', datetime.datetime(2019, 11, 5, 12, 1, 27, tzinfo=tzutc()))",,
375,2019-11-05 12:02:02+00:00,"('52.3699583127138', '4.894290231281275', datetime.datetime(2019, 11, 5, 12, 2, 1, tzinfo=tzutc()))",,
376,2019-11-05 12:02:32+00:00,"('52.36937530515564', '4.894129298740381', datetime.datetime(2019, 11, 5, 12, 2, 47, tzinfo=tzutc()))",,
377,2019-11-05 12:03:02+00:00,"('52.36937530515564', '4.894129298740381', datetime.datetime(2019, 11, 5, 12, 2, 47, tzinfo=tzutc()))",,
378,2019-11-05 12:03:32+00:00,"('52.36925084187123', '4.894891046100611', datetime.datetime(2019, 11, 5, 12, 3, 25, tzinfo=tzutc()))",,
379,2019-11-05 12:04:02+00:00,"('52.3687857391257', '4.894976876789087', datetime.datetime(2019, 11, 5, 12, 4, 2, tzinfo=tzutc()))",,
380,2019-11-05 12:04:32+00:00,"('52.36853680888382', '4.896049760395044', datetime.datetime(2019, 11, 5, 12, 4, 57, tzinfo=tzutc()))",,
381,2019-11-05 12:05:02+00:00,"('52.36853680888382', '4.896049760395044', datetime.datetime(2019, 11, 5, 12, 4, 57, tzinfo=tzutc()))",,
382,2019-11-05 12:05:32+00:00,"('52.36917223330038', '4.896693490558619', datetime.datetime(2019, 11, 5, 12, 5, 56, tzinfo=tzutc()))",,
383,2019-11-05 12:06:02+00:00,"('52.36917223330038', '4.896693490558619', datetime.datetime(2019, 11, 5, 12, 5, 56, tzinfo=tzutc()))",,
384,2019-11-05 12:06:32+00:00,"('52.36971593971966', '4.897208474689478', datetime.datetime(2019, 11, 5, 12, 6, 45, tzinfo=tzutc()))",,
385,2019-11-05 12:07:02+00:00,"('52.36971593971966', '4.897208474689478', datetime.datetime(2019, 11, 5, 12, 6, 45, tzinfo=tzutc()))",,
386,2019-11-05 12:07:32+00:00,"('52.37042340311314', '4.897927306705469', datetime.datetime(2019, 11, 5, 12, 7, 51, tzinfo=tzutc()))",,
387,2019-11-05 12:08:02+00:00,"('52.37042340311314', '4.897927306705469', datetime.datetime(2019, 11, 5, 12, 7, 51, tzinfo=tzutc()))",,
388,2019-11-05 12:08:32+00:00,"('52.37094089230871', '4.898453019672388', datetime.datetime(2019, 11, 5, 12, 8, 39, tzinfo=tzutc()))",,
389,2019-11-05 12:09:02+00:00,"('52.37094089230871', '4.898453019672388', datetime.datetime(2019, 11, 5, 12, 8, 39, tzinfo=tzutc()))",,
390,2019-11-05 12:09:32+00:00,"('52.37151077845871', '4.898957274967188', datetime.datetime(2019, 11, 5, 12, 9, 30, tzinfo=tzutc()))",,
391,2019-11-05 12:10:02+00:00,,,
392,2019-11-05 12:10:32+00:00,"('52.37222476337321', '4.899547360950464', datetime.datetime(2019, 11, 5, 12, 10, 33, tzinfo=tzutc()))",,
393,2019-11-05 12:11:02+00:00,"('52.37222476337321', '4.899547360950464', datetime.datetime(2019, 11, 5, 12, 10, 33, tzinfo=tzutc()))",,
394,2019-11-05 12:11:32+00:00,"('52.37173349058805', '4.8997404799995365', datetime.datetime(2019, 11, 5, 12, 11, 39, tzinfo=tzutc()))",,
395,2019-11-05 12:12:02+00:00,"('52.37173349058805', '4.8997404799995365', datetime.datetime(2019, 11, 5, 12, 11, 39, tzinfo=tzutc()))",,
396,2019-11-05 12:12:32+00:00,"('52.371274964391866', '4.899246953540796', datetime.datetime(2019, 11, 5, 12, 12, 22, tzinfo=tzutc()))",,
397,2019-11-05 12:13:02+00:00,"('52.370705075199346', '4.898678325229639', datetime.datetime(2019, 11, 5, 12, 13, 14, tzinfo=tzutc()))",,
398,2019-11-05 12:13:32+00:00,"('52.370705075199346', '4.898678325229639', datetime.datetime(2019, 11, 5, 12, 13, 14, tzinfo=tzutc()))",,
399,2019-11-05 12:14:02+00:00,"('52.370220336076294', '4.898270629459375', datetime.datetime(2019, 11, 5, 12, 13, 57, tzinfo=tzutc()))",,
400,2019-11-05 12:14:32+00:00,"('52.36962763830931', '4.897755645328516', datetime.datetime(2019, 11, 5, 12, 14, 50, tzinfo=tzutc()))",,
401,2019-11-05 12:15:02+00:00,"('52.36962763830931', '4.897755645328516', datetime.datetime(2019, 11, 5, 12, 14, 50, tzinfo=tzutc()))",,
402,2019-11-05 12:15:32+00:00,"('52.36909703226753', '4.897229932361597', datetime.datetime(2019, 11, 5, 12, 15, 39, tzinfo=tzutc()))",,
403,2019-11-05 12:16:02+00:00,"('52.36909703226753', '4.897229932361597', datetime.datetime(2019, 11, 5, 12, 15, 39, tzinfo=tzutc()))",,
404,2019-11-05 12:16:32+00:00,"('52.368728566891335', '4.896874551780002', datetime.datetime(2019, 11, 5, 12, 16, 12, tzinfo=tzutc()))",,
405,2019-11-05 12:17:02+00:00,"('52.36829621290873', '4.896531229026095', datetime.datetime(2019, 11, 5, 12, 16, 50, tzinfo=tzutc()))",,
406,2019-11-05 12:17:32+00:00,"('52.368505839610606', '4.896048431403415', datetime.datetime(2019, 11, 5, 12, 17, 18, tzinfo=tzutc()))",,
407,2019-11-05 12:18:02+00:00,"('52.368072853227595', '4.8954176902771', datetime.datetime(2019, 11, 5, 12, 18, 4, tzinfo=tzutc()))",,
408,2019-11-05 12:18:32+00:00,"('52.368072853227595', '4.8954176902771', datetime.datetime(2019, 11, 5, 12, 18, 4, tzinfo=tzutc()))",,
409,2019-11-05 12:19:02+00:00,,,
410,2019-11-05 12:19:32+00:00,,,
411,2019-11-05 12:20:02+00:00,,,
412,2019-11-05 12:20:32+00:00,,,
413,2019-11-05 12:21:02+00:00,,,
414,2019-11-05 12:21:32+00:00,,,
415,2019-11-05 12:22:02+00:00,,,
416,2019-11-05 12:22:32+00:00,,,
417,2019-11-05 12:23:02+00:00,,,
418,2019-11-05 12:23:32+00:00,,,
419,2019-11-05 12:24:02+00:00,,,
420,2019-11-05 12:24:32+00:00,,,
421,2019-11-05 12:25:02+00:00,,,
422,2019-11-05 12:25:32+00:00,,,
423,2019-11-05 12:26:02+00:00,,,
424,2019-11-05 12:26:32+00:00,,,
425,2019-11-05 12:27:02+00:00,,,
426,2019-11-05 12:27:32+00:00,,,
427,2019-11-05 12:28:02+00:00,,,
428,2019-11-05 12:28:32+00:00,,,
429,2019-11-05 12:29:02+00:00,,,
430,2019-11-05 12:29:32+00:00,,,
431,2019-11-05 12:30:02+00:00,,,
432,2019-11-05 12:30:32+00:00,,,
433,2019-11-05 12:31:02+00:00,,,
434,2019-11-05 12:31:32+00:00,,,
435,2019-11-05 12:32:02+00:00,,,
436,2019-11-05 12:32:32+00:00,,,
437,2019-11-05 12:33:02+00:00,,,
438,2019-11-05 12:33:32+00:00,,,
439,2019-11-05 12:34:02+00:00,,,
440,2019-11-05 12:34:32+00:00,,,
441,2019-11-05 12:35:02+00:00,,,
442,2019-11-05 12:35:32+00:00,,,
443,2019-11-05 12:36:02+00:00,,,
444,2019-11-05 12:36:32+00:00,,,
445,2019-11-05 12:37:02+00:00,,,
446,2019-11-05 12:37:32+00:00,,,
447,2019-11-05 12:38:02+00:00,,,
448,2019-11-05 12:38:32+00:00,,,
449,2019-11-05 12:39:02+00:00,,,
450,2019-11-05 12:39:32+00:00,,,
451,2019-11-05 12:40:02+00:00,,,
452,2019-11-05 12:40:32+00:00,,,
453,2019-11-05 12:41:02+00:00,,,
454,2019-11-05 12:41:32+00:00,,,
455,2019-11-05 12:42:02+00:00,,,
456,2019-11-05 12:42:32+00:00,,,
457,2019-11-05 12:43:02+00:00,,,
458,2019-11-05 12:43:32+00:00,,,
459,2019-11-05 12:44:02+00:00,,,
460,2019-11-05 12:44:32+00:00,,,
461,2019-11-05 12:45:02+00:00,,,
462,2019-11-05 12:45:32+00:00,,,
463,2019-11-05 12:46:02+00:00,,,
464,2019-11-05 12:46:32+00:00,,,
465,2019-11-05 12:47:02+00:00,,,
466,2019-11-05 12:47:32+00:00,,,
467,2019-11-05 12:48:02+00:00,,,
468,2019-11-05 12:48:32+00:00,,,
469,2019-11-05 12:49:02+00:00,,,
470,2019-11-05 12:49:32+00:00,,,
471,2019-11-05 12:50:02+00:00,,,
472,2019-11-05 12:50:32+00:00,,,
473,2019-11-05 12:51:02+00:00,,,
474,2019-11-05 12:51:32+00:00,,,
475,2019-11-05 12:52:02+00:00,,,
476,2019-11-05 12:52:32+00:00,,,
477,2019-11-05 12:53:02+00:00,,,
478,2019-11-05 12:53:32+00:00,,,
479,2019-11-05 12:54:02+00:00,,,
480,2019-11-05 12:54:32+00:00,,,
481,2019-11-05 12:55:02+00:00,,,
482,2019-11-05 12:55:32+00:00,,,
483,2019-11-05 12:56:02+00:00,,,
484,2019-11-05 12:56:32+00:00,,,
485,2019-11-05 12:57:02+00:00,,,
486,2019-11-05 12:57:32+00:00,,,
487,2019-11-05 12:58:02+00:00,,,
488,2019-11-05 12:58:32+00:00,,,
489,2019-11-05 12:59:02+00:00,,,
490,2019-11-05 12:59:32+00:00,,,
491,2019-11-05 13:00:02+00:00,,,
492,2019-11-05 13:00:32+00:00,,,
493,2019-11-05 13:01:02+00:00,,,
494,2019-11-05 13:01:32+00:00,,,
495,2019-11-05 13:02:02+00:00,,,
496,2019-11-05 13:02:32+00:00,,,
497,2019-11-05 13:03:02+00:00,,,
498,2019-11-05 13:03:32+00:00,,,
499,2019-11-05 13:04:02+00:00,,,
500,2019-11-05 13:04:32+00:00,,,
501,2019-11-05 13:05:02+00:00,,,
502,2019-11-05 13:05:32+00:00,,,
503,2019-11-05 13:06:02+00:00,,,
504,2019-11-05 13:06:32+00:00,,,
505,2019-11-05 13:07:02+00:00,,,
506,2019-11-05 13:07:32+00:00,,,
507,2019-11-05 13:08:02+00:00,,,
508,2019-11-05 13:08:32+00:00,,,
509,2019-11-05 13:09:02+00:00,,,
510,2019-11-05 13:09:32+00:00,,,
511,2019-11-05 13:10:02+00:00,,,
512,2019-11-05 13:10:32+00:00,,,
513,2019-11-05 13:11:02+00:00,,,
514,2019-11-05 13:11:32+00:00,,,
515,2019-11-05 13:12:02+00:00,,,
516,2019-11-05 13:12:32+00:00,,,
517,2019-11-05 13:13:02+00:00,,,
518,2019-11-05 13:13:32+00:00,,,
519,2019-11-05 13:14:02+00:00,,,
520,2019-11-05 13:14:32+00:00,,,
521,2019-11-05 13:15:02+00:00,,,
522,2019-11-05 13:15:32+00:00,,,
523,2019-11-05 13:16:02+00:00,,,
524,2019-11-05 13:16:32+00:00,,,
525,2019-11-05 13:17:02+00:00,,,
526,2019-11-05 13:17:32+00:00,,,
527,2019-11-05 13:18:02+00:00,,,
528,2019-11-05 13:18:32+00:00,,,
529,2019-11-05 13:19:02+00:00,,,
530,2019-11-05 13:19:32+00:00,,,
531,2019-11-05 13:20:02+00:00,,,
532,2019-11-05 13:20:32+00:00,,,
533,2019-11-05 13:21:02+00:00,,,
534,2019-11-05 13:21:32+00:00,,,
535,2019-11-05 13:22:02+00:00,,,
536,2019-11-05 13:22:32+00:00,,,
537,2019-11-05 13:23:02+00:00,,,
538,2019-11-05 13:23:32+00:00,,,
539,2019-11-05 13:24:02+00:00,,,
540,2019-11-05 13:24:32+00:00,,,
541,2019-11-05 13:25:02+00:00,,,
542,2019-11-05 13:25:32+00:00,,,
543,2019-11-05 13:26:02+00:00,,,
544,2019-11-05 13:26:32+00:00,,,
545,2019-11-05 13:27:02+00:00,,,
546,2019-11-05 13:27:32+00:00,,,
547,2019-11-05 13:28:02+00:00,,,
548,2019-11-05 13:28:32+00:00,,,
549,2019-11-05 13:29:02+00:00,,,
550,2019-11-05 13:29:32+00:00,,,
551,2019-11-05 13:30:02+00:00,,,
552,2019-11-05 13:30:32+00:00,,,
553,2019-11-05 13:31:02+00:00,,,
554,2019-11-05 13:31:32+00:00,,,
555,2019-11-05 13:32:02+00:00,,,
556,2019-11-05 13:32:32+00:00,,,
557,2019-11-05 13:33:02+00:00,,,
558,2019-11-05 13:33:32+00:00,,,
559,2019-11-05 13:34:02+00:00,,,
560,2019-11-05 13:34:32+00:00,,,
561,2019-11-05 13:35:02+00:00,,,
562,2019-11-05 13:35:32+00:00,,,
563,2019-11-05 13:36:02+00:00,,,
564,2019-11-05 13:36:32+00:00,,,
565,2019-11-05 13:37:02+00:00,,,
566,2019-11-05 13:37:32+00:00,,,
567,2019-11-05 13:38:02+00:00,,,
568,2019-11-05 13:38:32+00:00,,,
569,2019-11-05 13:39:02+00:00,,,
570,2019-11-05 13:39:32+00:00,,,
571,2019-11-05 13:40:02+00:00,,,
572,2019-11-05 13:40:32+00:00,,,
573,2019-11-05 13:41:02+00:00,,,
574,2019-11-05 13:41:32+00:00,,,
575,2019-11-05 13:42:02+00:00,,,
576,2019-11-05 13:42:32+00:00,,,
577,2019-11-05 13:43:02+00:00,,,
578,2019-11-05 13:43:32+00:00,,,
579,2019-11-05 13:44:02+00:00,,,
580,2019-11-05 13:44:32+00:00,,,
581,2019-11-05 13:45:02+00:00,,,
582,2019-11-05 13:45:32+00:00,,,
583,2019-11-05 13:46:02+00:00,,,
584,2019-11-05 13:46:32+00:00,,,
585,2019-11-05 13:47:02+00:00,,,
586,2019-11-05 13:47:32+00:00,,,
587,2019-11-05 13:48:02+00:00,,,
588,2019-11-05 13:48:32+00:00,,,
589,2019-11-05 13:49:02+00:00,,,
590,2019-11-05 13:49:32+00:00,,,
591,2019-11-05 13:50:02+00:00,,,
592,2019-11-05 13:50:32+00:00,,,
593,2019-11-05 13:51:02+00:00,,,
594,2019-11-05 13:51:32+00:00,,,
595,2019-11-05 13:52:02+00:00,,,
596,2019-11-05 13:52:32+00:00,,,
597,2019-11-05 13:53:02+00:00,,,
598,2019-11-05 13:53:32+00:00,,,
599,2019-11-05 13:54:02+00:00,,,
600,2019-11-05 13:54:32+00:00,,,
601,2019-11-05 13:55:02+00:00,,,
602,2019-11-05 13:55:32+00:00,,,
603,2019-11-05 13:56:02+00:00,,,
604,2019-11-05 13:56:32+00:00,,,
605,2019-11-05 13:57:02+00:00,,,
606,2019-11-05 13:57:32+00:00,,,
607,2019-11-05 13:58:02+00:00,,,
608,2019-11-05 13:58:32+00:00,,,
609,2019-11-05 13:59:02+00:00,,,
610,2019-11-05 13:59:32+00:00,,"('52.36975509479027', '4.911476656670402', datetime.datetime(2019, 11, 5, 13, 59, 47, tzinfo=tzutc()))",
611,2019-11-05 14:00:02+00:00,,"('52.36975509479027', '4.911476656670402', datetime.datetime(2019, 11, 5, 13, 59, 47, tzinfo=tzutc()))",
612,2019-11-05 14:00:32+00:00,,"('52.37025294014047', '4.9118628947685465', datetime.datetime(2019, 11, 5, 14, 0, 30, tzinfo=tzutc()))",
613,2019-11-05 14:01:02+00:00,,"('52.37052495496855', '4.911245712463256', datetime.datetime(2019, 11, 5, 14, 1, 6, tzinfo=tzutc()))",
614,2019-11-05 14:01:32+00:00,,"('52.37052495496855', '4.911245712463256', datetime.datetime(2019, 11, 5, 14, 1, 6, tzinfo=tzutc()))",
615,2019-11-05 14:02:02+00:00,,"('52.37087213113543', '4.910462507430907', datetime.datetime(2019, 11, 5, 14, 1, 52, tzinfo=tzutc()))",
616,2019-11-05 14:02:32+00:00,,"('52.37097038804573', '4.909411081497069', datetime.datetime(2019, 11, 5, 14, 2, 43, tzinfo=tzutc()))",
617,2019-11-05 14:03:02+00:00,,"('52.37097038804573', '4.909411081497069', datetime.datetime(2019, 11, 5, 14, 2, 43, tzinfo=tzutc()))",
618,2019-11-05 14:03:32+00:00,,"('52.371330661513454', '4.908563503448363', datetime.datetime(2019, 11, 5, 14, 3, 33, tzinfo=tzutc()))",
619,2019-11-05 14:04:02+00:00,,"('52.371330661513454', '4.908563503448363', datetime.datetime(2019, 11, 5, 14, 3, 33, tzinfo=tzutc()))",
620,2019-11-05 14:04:32+00:00,,"('52.37169748238864', '4.9078768579405505', datetime.datetime(2019, 11, 5, 14, 4, 17, tzinfo=tzutc()))",
621,2019-11-05 14:05:02+00:00,,"('52.37219530584654', '4.908499130432006', datetime.datetime(2019, 11, 5, 14, 5, 6, tzinfo=tzutc()))",
622,2019-11-05 14:05:32+00:00,,"('52.37219530584654', '4.908499130432006', datetime.datetime(2019, 11, 5, 14, 5, 6, tzinfo=tzutc()))",
623,2019-11-05 14:06:02+00:00,,"('52.372601420827465', '4.908273824874755', datetime.datetime(2019, 11, 5, 14, 5, 40, tzinfo=tzutc()))",
624,2019-11-05 14:06:32+00:00,,"('52.37306493477253', '4.9074518795258655', datetime.datetime(2019, 11, 5, 14, 6, 34, tzinfo=tzutc()))",
625,2019-11-05 14:07:02+00:00,,"('52.37306493477253', '4.9074518795258655', datetime.datetime(2019, 11, 5, 14, 6, 34, tzinfo=tzutc()))",
626,2019-11-05 14:07:32+00:00,,"('52.373654443687805', '4.906497013116564', datetime.datetime(2019, 11, 5, 14, 7, 39, tzinfo=tzutc()))",
627,2019-11-05 14:08:02+00:00,,"('52.373654443687805', '4.906497013116564', datetime.datetime(2019, 11, 5, 14, 7, 39, tzinfo=tzutc()))",
628,2019-11-05 14:08:32+00:00,,"('52.37412604515472', '4.90559579088756', datetime.datetime(2019, 11, 5, 14, 8, 36, tzinfo=tzutc()))",
629,2019-11-05 14:09:02+00:00,,"('52.37412604515472', '4.90559579088756', datetime.datetime(2019, 11, 5, 14, 8, 36, tzinfo=tzutc()))",
630,2019-11-05 14:09:32+00:00,,"('52.37475808977211', '4.904574794473433', datetime.datetime(2019, 11, 5, 14, 9, 46, tzinfo=tzutc()))",
631,2019-11-05 14:10:02+00:00,,"('52.37475808977211', '4.904574794473433', datetime.datetime(2019, 11, 5, 14, 9, 46, tzinfo=tzutc()))",
632,2019-11-05 14:10:32+00:00,,"('52.37528862781035', '4.903630656900191', datetime.datetime(2019, 11, 5, 14, 10, 48, tzinfo=tzutc()))",
633,2019-11-05 14:11:02+00:00,,"('52.37528862781035', '4.903630656900191', datetime.datetime(2019, 11, 5, 14, 10, 48, tzinfo=tzutc()))",
634,2019-11-05 14:11:32+00:00,,"('52.37600607790983', '4.903242650790162', datetime.datetime(2019, 11, 5, 14, 11, 48, tzinfo=tzutc()))",
635,2019-11-05 14:12:02+00:00,,"('52.37600607790983', '4.903242650790162', datetime.datetime(2019, 11, 5, 14, 11, 48, tzinfo=tzutc()))",
636,2019-11-05 14:12:32+00:00,,"('52.376595547567604', '4.902620378298707', datetime.datetime(2019, 11, 5, 14, 12, 43, tzinfo=tzutc()))",
637,2019-11-05 14:13:02+00:00,,"('52.376595547567604', '4.902620378298707', datetime.datetime(2019, 11, 5, 14, 12, 43, tzinfo=tzutc()))",
638,2019-11-05 14:13:32+00:00,,"('52.37710641490644', '4.90228778438086', datetime.datetime(2019, 11, 5, 14, 13, 26, tzinfo=tzutc()))",
639,2019-11-05 14:14:02+00:00,,"('52.37773516659509', '4.901719156069703', datetime.datetime(2019, 11, 5, 14, 14, 23, tzinfo=tzutc()))",
640,2019-11-05 14:14:32+00:00,,"('52.37773516659509', '4.901719156069703', datetime.datetime(2019, 11, 5, 14, 14, 23, tzinfo=tzutc()))",
641,2019-11-05 14:15:02+00:00,,"('52.378110793250194', '4.90052751088308', datetime.datetime(2019, 11, 5, 14, 15, 28, tzinfo=tzutc()))",
642,2019-11-05 14:15:32+00:00,,"('52.378110793250194', '4.90052751088308', datetime.datetime(2019, 11, 5, 14, 15, 28, tzinfo=tzutc()))",
643,2019-11-05 14:16:02+00:00,,,
644,2019-11-05 14:16:32+00:00,,"('52.379129359927155', '4.900267124176025', datetime.datetime(2019, 11, 5, 14, 16, 49, tzinfo=tzutc()))",
645,2019-11-05 14:17:02+00:00,,"('52.379129359927155', '4.900267124176025', datetime.datetime(2019, 11, 5, 14, 16, 49, tzinfo=tzutc()))",
646,2019-11-05 14:17:32+00:00,,,
647,2019-11-05 14:18:02+00:00,,,
648,2019-11-05 14:18:32+00:00,,"('52.37894601237946', '4.898134980441796', datetime.datetime(2019, 11, 5, 14, 18, 33, tzinfo=tzutc()))",
649,2019-11-05 14:19:02+00:00,,"('52.37894601237946', '4.898134980441796', datetime.datetime(2019, 11, 5, 14, 18, 33, tzinfo=tzutc()))",
650,2019-11-05 14:19:32+00:00,,"('52.37844826501287', '4.8973732330815665', datetime.datetime(2019, 11, 5, 14, 19, 27, tzinfo=tzutc()))",
651,2019-11-05 14:20:02+00:00,,"('52.378101148397114', '4.8968475201146475', datetime.datetime(2019, 11, 5, 14, 20, 4, tzinfo=tzutc()))",
652,2019-11-05 14:20:32+00:00,,"('52.378101148397114', '4.8968475201146475', datetime.datetime(2019, 11, 5, 14, 20, 4, tzinfo=tzutc()))",
653,2019-11-05 14:21:02+00:00,,"('52.37776057849962', '4.8956995346562735', datetime.datetime(2019, 11, 5, 14, 21, 5, tzinfo=tzutc()))",
654,2019-11-05 14:21:32+00:00,,"('52.37776057849962', '4.8956995346562735', datetime.datetime(2019, 11, 5, 14, 21, 5, tzinfo=tzutc()))",
655,2019-11-05 14:22:02+00:00,,"('52.3773988564155', '4.894487176181542', datetime.datetime(2019, 11, 5, 14, 22, 10, tzinfo=tzutc()))",
656,2019-11-05 14:22:32+00:00,,"('52.3773988564155', '4.894487176181542', datetime.datetime(2019, 11, 5, 14, 22, 10, tzinfo=tzutc()))",
657,2019-11-05 14:23:02+00:00,,"('52.3770975783873', '4.893886361362206', datetime.datetime(2019, 11, 5, 14, 22, 47, tzinfo=tzutc()))",
658,2019-11-05 14:23:32+00:00,,"('52.376678405537504', '4.893188987018334', datetime.datetime(2019, 11, 5, 14, 23, 34, tzinfo=tzutc()))",
659,2019-11-05 14:24:02+00:00,,"('52.376678405537504', '4.893188987018334', datetime.datetime(2019, 11, 5, 14, 23, 34, tzinfo=tzutc()))",
660,2019-11-05 14:24:32+00:00,,"('52.37607583759523', '4.892373595477807', datetime.datetime(2019, 11, 5, 14, 24, 36, tzinfo=tzutc()))",
661,2019-11-05 14:25:02+00:00,,"('52.37607583759523', '4.892373595477807', datetime.datetime(2019, 11, 5, 14, 24, 36, tzinfo=tzutc()))",
662,2019-11-05 14:25:32+00:00,,"('52.37633782466734', '4.891257796527611', datetime.datetime(2019, 11, 5, 14, 25, 33, tzinfo=tzutc()))",
663,2019-11-05 14:26:02+00:00,,"('52.37633782466734', '4.891257796527611', datetime.datetime(2019, 11, 5, 14, 25, 33, tzinfo=tzutc()))",
664,2019-11-05 14:26:32+00:00,,"('52.37658016132527', '4.890517506839501', datetime.datetime(2019, 11, 5, 14, 26, 13, tzinfo=tzutc()))",
665,2019-11-05 14:27:02+00:00,,"('52.3769141907551', '4.889702115298974', datetime.datetime(2019, 11, 5, 14, 27, tzinfo=tzutc()))",
666,2019-11-05 14:27:32+00:00,,"('52.37717764227817', '4.888808727264404', datetime.datetime(2019, 11, 5, 14, 27, 48, tzinfo=tzutc()))",
667,2019-11-05 14:28:02+00:00,,"('52.37717764227817', '4.888808727264404', datetime.datetime(2019, 11, 5, 14, 27, 48, tzinfo=tzutc()))",
668,2019-11-05 14:28:32+00:00,,,
669,2019-11-05 14:29:02+00:00,,,
670,2019-11-05 14:29:32+00:00,,,
671,2019-11-05 14:30:02+00:00,,,
672,2019-11-05 14:30:32+00:00,,,
673,2019-11-05 14:31:02+00:00,,,
674,2019-11-05 14:31:32+00:00,,,
675,2019-11-05 14:32:02+00:00,,,
676,2019-11-05 14:32:32+00:00,,,
677,2019-11-05 14:33:02+00:00,,,
678,2019-11-05 14:33:32+00:00,,,
679,2019-11-05 14:34:02+00:00,,,
680,2019-11-05 14:34:32+00:00,,,
681,2019-11-05 14:35:02+00:00,,,
682,2019-11-05 14:35:32+00:00,,,
683,2019-11-05 14:36:02+00:00,,,
684,2019-11-05 14:36:32+00:00,,,
685,2019-11-05 14:37:02+00:00,,,
686,2019-11-05 14:37:32+00:00,,,
687,2019-11-05 14:38:02+00:00,,,
688,2019-11-05 14:38:32+00:00,,,
689,2019-11-05 14:39:02+00:00,,,
690,2019-11-05 14:39:32+00:00,,,
691,2019-11-05 14:40:02+00:00,,,
692,2019-11-05 14:40:32+00:00,,,
693,2019-11-05 14:41:02+00:00,,,
694,2019-11-05 14:41:32+00:00,,,
695,2019-11-05 14:42:02+00:00,,,
696,2019-11-05 14:42:32+00:00,,,
697,2019-11-05 14:43:02+00:00,,,
698,2019-11-05 14:43:32+00:00,,,
699,2019-11-05 14:44:02+00:00,,,
700,2019-11-05 14:44:32+00:00,,,
701,2019-11-05 14:45:02+00:00,,,
702,2019-11-05 14:45:32+00:00,,,
703,2019-11-05 14:46:02+00:00,,,
704,2019-11-05 14:46:32+00:00,,,
705,2019-11-05 14:47:02+00:00,,,
706,2019-11-05 14:47:32+00:00,,,
707,2019-11-05 14:48:02+00:00,,,
708,2019-11-05 14:48:32+00:00,,,
709,2019-11-05 14:49:02+00:00,,,
710,2019-11-05 14:49:32+00:00,,,
711,2019-11-05 14:50:02+00:00,,,
712,2019-11-05 14:50:32+00:00,,,
713,2019-11-05 14:51:02+00:00,,,
714,2019-11-05 14:51:32+00:00,,,
715,2019-11-05 14:52:02+00:00,,,
716,2019-11-05 14:52:32+00:00,,,
717,2019-11-05 14:53:02+00:00,,,
718,2019-11-05 14:53:32+00:00,,,
719,2019-11-05 14:54:02+00:00,,,
720,2019-11-05 14:54:32+00:00,,,
721,2019-11-05 14:55:02+00:00,,,
722,2019-11-05 14:55:32+00:00,,,
723,2019-11-05 14:56:02+00:00,,,
724,2019-11-05 14:56:32+00:00,,,
725,2019-11-05 14:57:02+00:00,,,
726,2019-11-05 14:57:32+00:00,,,
727,2019-11-05 14:58:02+00:00,,,
728,2019-11-05 14:58:32+00:00,,,
729,2019-11-05 14:59:02+00:00,,,
730,2019-11-05 14:59:32+00:00,,,
731,2019-11-05 15:00:02+00:00,,,
732,2019-11-05 15:00:32+00:00,,,
733,2019-11-05 15:01:02+00:00,,,
734,2019-11-05 15:01:32+00:00,,,
735,2019-11-05 15:02:02+00:00,,,
736,2019-11-05 15:02:32+00:00,,,
737,2019-11-05 15:03:02+00:00,,,
738,2019-11-05 15:03:32+00:00,,,
739,2019-11-05 15:04:02+00:00,,,
740,2019-11-05 15:04:32+00:00,,,
741,2019-11-05 15:05:02+00:00,,,
742,2019-11-05 15:05:32+00:00,,,
743,2019-11-05 15:06:02+00:00,,,
744,2019-11-05 15:06:32+00:00,,,
745,2019-11-05 15:07:02+00:00,,,
746,2019-11-05 15:07:32+00:00,,,
747,2019-11-05 15:08:02+00:00,,,
748,2019-11-05 15:08:32+00:00,,,
749,2019-11-05 15:09:02+00:00,,,
750,2019-11-05 15:09:32+00:00,,,
751,2019-11-05 15:10:02+00:00,,,
752,2019-11-05 15:10:32+00:00,,,
753,2019-11-05 15:11:02+00:00,,,
754,2019-11-05 15:11:32+00:00,,,
755,2019-11-05 15:12:02+00:00,,,
756,2019-11-05 15:12:32+00:00,,,
757,2019-11-05 15:13:02+00:00,,,
758,2019-11-05 15:13:32+00:00,,,
759,2019-11-05 15:14:02+00:00,,,
760,2019-11-05 15:14:32+00:00,,,
761,2019-11-05 15:15:02+00:00,,,
762,2019-11-05 15:15:32+00:00,,,
763,2019-11-05 15:16:02+00:00,,,
764,2019-11-05 15:16:32+00:00,,,
765,2019-11-05 15:17:02+00:00,,,
766,2019-11-05 15:17:32+00:00,,,
767,2019-11-05 15:18:02+00:00,,,
768,2019-11-05 15:18:32+00:00,"('52.36842067888294', '4.896069889075534', datetime.datetime(2019, 11, 5, 15, 18, 45, tzinfo=tzutc()))",,
769,2019-11-05 15:19:02+00:00,"('52.36842067888294', '4.896069889075534', datetime.datetime(2019, 11, 5, 15, 18, 45, tzinfo=tzutc()))",,
770,2019-11-05 15:19:32+00:00,"('52.3682503569351', '4.896488313681857', datetime.datetime(2019, 11, 5, 15, 19, 9, tzinfo=tzutc()))",,
771,2019-11-05 15:20:02+00:00,"('52.367870405608045', '4.89615571976401', datetime.datetime(2019, 11, 5, 15, 19, 43, tzinfo=tzutc()))",,
772,2019-11-05 15:20:32+00:00,"('52.36734875840474', '4.895839821686877', datetime.datetime(2019, 11, 5, 15, 20, 27, tzinfo=tzutc()))",,
773,2019-11-05 15:21:02+00:00,"('52.366949146178094', '4.895743262162341', datetime.datetime(2019, 11, 5, 15, 20, 59, tzinfo=tzutc()))",,
774,2019-11-05 15:21:32+00:00,,,
775,2019-11-05 15:22:02+00:00,"('52.36711947314293', '4.894466530671252', datetime.datetime(2019, 11, 5, 15, 22, 2, tzinfo=tzutc()))",,
776,2019-11-05 15:22:32+00:00,"('52.36717188130769', '4.893704783311023', datetime.datetime(2019, 11, 5, 15, 22, 39, tzinfo=tzutc()))",,
777,2019-11-05 15:23:02+00:00,"('52.36717188130769', '4.893704783311023', datetime.datetime(2019, 11, 5, 15, 22, 39, tzinfo=tzutc()))",,
778,2019-11-05 15:23:32+00:00,"('52.36675213327196', '4.893173909624693', datetime.datetime(2019, 11, 5, 15, 23, 21, tzinfo=tzutc()))",,
779,2019-11-05 15:24:02+00:00,"('52.36605771344501', '4.893098807772276', datetime.datetime(2019, 11, 5, 15, 24, 16, tzinfo=tzutc()))",,
780,2019-11-05 15:24:32+00:00,"('52.36605771344501', '4.893098807772276', datetime.datetime(2019, 11, 5, 15, 24, 16, tzinfo=tzutc()))",,
781,2019-11-05 15:25:02+00:00,"('52.36535018013072', '4.892852044542906', datetime.datetime(2019, 11, 5, 15, 25, 13, tzinfo=tzutc()))",,
782,2019-11-05 15:25:32+00:00,"('52.36535018013072', '4.892852044542906', datetime.datetime(2019, 11, 5, 15, 25, 13, tzinfo=tzutc()))",,
783,2019-11-05 15:26:02+00:00,"('52.364689034900955', '4.8925098579550195', datetime.datetime(2019, 11, 5, 15, 26, 8, tzinfo=tzutc()))",,
784,2019-11-05 15:26:32+00:00,"('52.364689034900955', '4.8925098579550195', datetime.datetime(2019, 11, 5, 15, 26, 8, tzinfo=tzutc()))",,
785,2019-11-05 15:27:02+00:00,"('52.3640142371037', '4.892316738905947', datetime.datetime(2019, 11, 5, 15, 27, 2, tzinfo=tzutc()))",,
786,2019-11-05 15:27:32+00:00,"('52.36346390893986', '4.892177264037173', datetime.datetime(2019, 11, 5, 15, 27, 46, tzinfo=tzutc()))",,
787,2019-11-05 15:28:02+00:00,"('52.36346390893986', '4.892177264037173', datetime.datetime(2019, 11, 5, 15, 27, 46, tzinfo=tzutc()))","('52.37707138020078', '4.88932546290107', datetime.datetime(2019, 11, 5, 15, 28, 14, tzinfo=tzutc()))",1.5405621320143879
788,2019-11-05 15:28:32+00:00,"('52.362979090354166', '4.89200560266022', datetime.datetime(2019, 11, 5, 15, 28, 25, tzinfo=tzutc()))","('52.37707138020078', '4.88932546290107', datetime.datetime(2019, 11, 5, 15, 28, 14, tzinfo=tzutc()))",1.5894743690981123
789,2019-11-05 15:29:02+00:00,"('52.36242219757591', '4.891780297102969', datetime.datetime(2019, 11, 5, 15, 29, 10, tzinfo=tzutc()))","('52.37679629830369', '4.89007648142524', datetime.datetime(2019, 11, 5, 15, 28, 56, tzinfo=tzutc()))",1.6037371415086392
790,2019-11-05 15:29:32+00:00,"('52.36242219757591', '4.891780297102969', datetime.datetime(2019, 11, 5, 15, 29, 10, tzinfo=tzutc()))","('52.376442619061024', '4.890902601801827', datetime.datetime(2019, 11, 5, 15, 29, 44, tzinfo=tzutc()))",1.556385098853811
791,2019-11-05 15:30:02+00:00,"('52.3620028854401', '4.8916837375784326', datetime.datetime(2019, 11, 5, 15, 29, 43, tzinfo=tzutc()))","('52.376442619061024', '4.890902601801827', datetime.datetime(2019, 11, 5, 15, 29, 44, tzinfo=tzutc()))",1.6021340672986963
792,2019-11-05 15:30:32+00:00,"('52.36170150238452', '4.891533533873599', datetime.datetime(2019, 11, 5, 15, 30, 8, tzinfo=tzutc()))","('52.37609548667958', '4.891975485407784', datetime.datetime(2019, 11, 5, 15, 30, 42, tzinfo=tzutc()))",1.595465209146092
793,2019-11-05 15:31:02+00:00,"('52.361341150380554', '4.891372601332705', datetime.datetime(2019, 11, 5, 15, 30, 37, tzinfo=tzutc()))","('52.37609548667958', '4.891975485407784', datetime.datetime(2019, 11, 5, 15, 30, 42, tzinfo=tzutc()))",1.6360058133814246
794,2019-11-05 15:31:32+00:00,"('52.360849756548035', '4.891276041808169', datetime.datetime(2019, 11, 5, 15, 31, 16, tzinfo=tzutc()))","('52.37560425694878', '4.891739451014473', datetime.datetime(2019, 11, 5, 15, 31, 22, tzinfo=tzutc()))",1.6354623055519266
795,2019-11-05 15:32:02+00:00,"('52.36042387747274', '4.891050736250918', datetime.datetime(2019, 11, 5, 15, 31, 51, tzinfo=tzutc()))","('52.37525461042692', '4.891274818034162', datetime.datetime(2019, 11, 5, 15, 31, 57, tzinfo=tzutc()))",1.6432859035945206
796,2019-11-05 15:32:32+00:00,"('52.36018145216582', '4.890868346037905', datetime.datetime(2019, 11, 5, 15, 32, 12, tzinfo=tzutc()))","('52.374697872385404', '4.89058817252635', datetime.datetime(2019, 11, 5, 15, 32, 52, tzinfo=tzutc()))",1.6085770355531652
797,2019-11-05 15:33:02+00:00,"('52.3597097018103', '4.8906859558248925', datetime.datetime(2019, 11, 5, 15, 32, 50, tzinfo=tzutc()))","('52.374697872385404', '4.89058817252635', datetime.datetime(2019, 11, 5, 15, 32, 52, tzinfo=tzutc()))",1.660576405099019
798,2019-11-05 15:33:32+00:00,,"('52.37416077727063', '4.890116103739729', datetime.datetime(2019, 11, 5, 15, 33, 40, tzinfo=tzutc()))",
799,2019-11-05 15:34:02+00:00,"('52.36011593158428', '4.889130274596255', datetime.datetime(2019, 11, 5, 15, 34, 12, tzinfo=tzutc()))","('52.37416077727063', '4.890116103739729', datetime.datetime(2019, 11, 5, 15, 33, 40, tzinfo=tzutc()))",1.559888554305535
800,2019-11-05 15:34:32+00:00,"('52.36011593158428', '4.889130274596255', datetime.datetime(2019, 11, 5, 15, 34, 12, tzinfo=tzutc()))","('52.37346647390653', '4.88983715400218', datetime.datetime(2019, 11, 5, 15, 34, 36, tzinfo=tzutc()))",1.4811973755086985
801,2019-11-05 15:35:02+00:00,"('52.36053526162729', '4.888196865859072', datetime.datetime(2019, 11, 5, 15, 35, 8, tzinfo=tzutc()))","('52.37346647390653', '4.88983715400218', datetime.datetime(2019, 11, 5, 15, 34, 36, tzinfo=tzutc()))",1.444217188161152
802,2019-11-05 15:35:32+00:00,"('52.36053526162729', '4.888196865859072', datetime.datetime(2019, 11, 5, 15, 35, 8, tzinfo=tzutc()))","('52.37299486539665', '4.889654763789167', datetime.datetime(2019, 11, 5, 15, 35, 14, tzinfo=tzutc()))",1.3898905138157944
803,2019-11-05 15:36:02+00:00,"('52.36111386783821', '4.8869415920401025', datetime.datetime(2019, 11, 5, 15, 36, 24, tzinfo=tzutc()))","('52.37231364421411', '4.88957966193675', datetime.datetime(2019, 11, 5, 15, 36, 8, tzinfo=tzutc()))",1.2750310297388123
804,2019-11-05 15:36:32+00:00,"('52.36111386783821', '4.8869415920401025', datetime.datetime(2019, 11, 5, 15, 36, 24, tzinfo=tzutc()))","('52.37231364421411', '4.88957966193675', datetime.datetime(2019, 11, 5, 15, 36, 8, tzinfo=tzutc()))",1.2750310297388123
805,2019-11-05 15:37:02+00:00,"('52.3614676698337', '4.886126200499575', datetime.datetime(2019, 11, 5, 15, 37, 12, tzinfo=tzutc()))","('52.371730667743655', '4.889515288920393', datetime.datetime(2019, 11, 5, 15, 36, 54, tzinfo=tzutc()))",1.1978659771226179
806,2019-11-05 15:37:32+00:00,"('52.3614676698337', '4.886126200499575', datetime.datetime(2019, 11, 5, 15, 37, 12, tzinfo=tzutc()))",,
807,2019-11-05 15:38:02+00:00,"('52.361841124422185', '4.885332266631167', datetime.datetime(2019, 11, 5, 15, 38, tzinfo=tzutc()))","('52.37085788461165', '4.889202496813141', datetime.datetime(2019, 11, 5, 15, 38, 4, tzinfo=tzutc()))",1.0877258799447398
808,2019-11-05 15:38:32+00:00,"('52.36211629946759', '4.884774367156069', datetime.datetime(2019, 11, 5, 15, 38, 34, tzinfo=tzutc()))","('52.37085788461165', '4.889202496813141', datetime.datetime(2019, 11, 5, 15, 38, 4, tzinfo=tzutc()))",1.0864664065993697
809,2019-11-05 15:39:02+00:00,"('52.36211629946759', '4.884774367156069', datetime.datetime(2019, 11, 5, 15, 38, 34, tzinfo=tzutc()))","('52.370386248247534', '4.889084479616486', datetime.datetime(2019, 11, 5, 15, 38, 41, tzinfo=tzutc()))",1.0340098820849646
810,2019-11-05 15:39:32+00:00,"('52.36239147279924', '4.884152094664614', datetime.datetime(2019, 11, 5, 15, 39, 11, tzinfo=tzutc()))","('52.36979669571062', '4.8889879200919495', datetime.datetime(2019, 11, 5, 15, 39, 28, tzinfo=tzutc()))",0.9809423508143599
811,2019-11-05 15:40:02+00:00,"('52.36292215938493', '4.883454720320742', datetime.datetime(2019, 11, 5, 15, 40, 5, tzinfo=tzutc()))","('52.369298845218175', '4.888805529878937', datetime.datetime(2019, 11, 5, 15, 40, 8, tzinfo=tzutc()))",0.9236429541424289
812,2019-11-05 15:40:32+00:00,"('52.36292215938493', '4.883454720320742', datetime.datetime(2019, 11, 5, 15, 40, 5, tzinfo=tzutc()))","('52.369298845218175', '4.888805529878937', datetime.datetime(2019, 11, 5, 15, 40, 8, tzinfo=tzutc()))",0.9236429541424289
813,2019-11-05 15:41:02+00:00,"('52.363596973861966', '4.882950465025942', datetime.datetime(2019, 11, 5, 15, 41, 3, tzinfo=tzutc()))","('52.3686634226229', '4.888902089403473', datetime.datetime(2019, 11, 5, 15, 40, 58, tzinfo=tzutc()))",0.8677802381056379
814,2019-11-05 15:41:32+00:00,"('52.363596973861966', '4.882950465025942', datetime.datetime(2019, 11, 5, 15, 41, 3, tzinfo=tzutc()))","('52.36838543376655', '4.888750507241866', datetime.datetime(2019, 11, 5, 15, 41, 21, tzinfo=tzutc()))",0.8350991188998401
815,2019-11-05 15:42:02+00:00,"('52.363551113010345', '4.881791750731509', datetime.datetime(2019, 11, 5, 15, 41, 59, tzinfo=tzutc()))","('52.36780240544872', '4.889319135553023', datetime.datetime(2019, 11, 5, 15, 42, 14, tzinfo=tzutc()))",0.9604301686436286
816,2019-11-05 15:42:32+00:00,"('52.363315256450036', '4.881319681944888', datetime.datetime(2019, 11, 5, 15, 42, 28, tzinfo=tzutc()))","('52.36780240544872', '4.889319135553023', datetime.datetime(2019, 11, 5, 15, 42, 14, tzinfo=tzutc()))",1.0189954194847868
817,2019-11-05 15:43:02+00:00,,"('52.36742245026877', '4.889726831323287', datetime.datetime(2019, 11, 5, 15, 42, 50, tzinfo=tzutc()))",
818,2019-11-05 15:43:32+00:00,"('52.36287629783286', '4.880085865798037', datetime.datetime(2019, 11, 5, 15, 43, 37, tzinfo=tzutc()))","('52.36685906243487', '4.888750507241866', datetime.datetime(2019, 11, 5, 15, 43, 55, tzinfo=tzutc()))",1.0597023833845054
819,2019-11-05 15:44:02+00:00,"('52.36287629783286', '4.880085865798037', datetime.datetime(2019, 11, 5, 15, 43, 37, tzinfo=tzutc()))","('52.36685906243487', '4.888750507241866', datetime.datetime(2019, 11, 5, 15, 43, 55, tzinfo=tzutc()))",1.0597023833845054
820,2019-11-05 15:44:32+00:00,"('52.36273216121641', '4.878991524519961', datetime.datetime(2019, 11, 5, 15, 44, 31, tzinfo=tzutc()))","('52.36662977463145', '4.887978031045577', datetime.datetime(2019, 11, 5, 15, 44, 36, tzinfo=tzutc()))",1.088567078461594
821,2019-11-05 15:45:02+00:00,,"('52.36662977463145', '4.887978031045577', datetime.datetime(2019, 11, 5, 15, 44, 36, tzinfo=tzutc()))",
822,2019-11-05 15:45:32+00:00,"('52.362430783135274', '4.87776843720917', datetime.datetime(2019, 11, 5, 15, 45, 34, tzinfo=tzutc()))","('52.36624760054816', '4.887082522641322', datetime.datetime(2019, 11, 5, 15, 45, 28, tzinfo=tzutc()))",1.1186825941692278
823,2019-11-05 15:46:02+00:00,"('52.362430783135274', '4.87776843720917', datetime.datetime(2019, 11, 5, 15, 45, 34, tzinfo=tzutc()))",,
824,2019-11-05 15:46:32+00:00,"('52.362260438093145', '4.876899401488345', datetime.datetime(2019, 11, 5, 15, 46, 18, tzinfo=tzutc()))","('52.365716953905604', '4.886009639035365', datetime.datetime(2019, 11, 5, 15, 46, 34, tzinfo=tzutc()))",1.0829804584428528
825,2019-11-05 15:47:02+00:00,"('52.36193940142085', '4.875858704390566', datetime.datetime(2019, 11, 5, 15, 47, 14, tzinfo=tzutc()))","('52.365716953905604', '4.886009639035365', datetime.datetime(2019, 11, 5, 15, 46, 34, tzinfo=tzutc()))",1.2038260290314202
826,2019-11-05 15:47:32+00:00,"('52.36193940142085', '4.875858704390566', datetime.datetime(2019, 11, 5, 15, 47, 14, tzinfo=tzutc()))","('52.36537628850408', '4.885097687970301', datetime.datetime(2019, 11, 5, 15, 47, 25, tzinfo=tzutc()))",1.0956256337885977
827,2019-11-05 15:48:02+00:00,"('52.361526636557514', '4.876126925292056', datetime.datetime(2019, 11, 5, 15, 47, 49, tzinfo=tzutc()))",,
828,2019-11-05 15:48:32+00:00,"('52.361153179310946', '4.8762556713247704', datetime.datetime(2019, 11, 5, 15, 48, 19, tzinfo=tzutc()))",,
829,2019-11-05 15:49:02+00:00,"('52.36048487951793', '4.875440279784243', datetime.datetime(2019, 11, 5, 15, 49, 25, tzinfo=tzutc()))","('52.364563873146174', '4.88338102092348', datetime.datetime(2019, 11, 5, 15, 49, 10, tzinfo=tzutc()))",0.9919010120576031
830,2019-11-05 15:49:32+00:00,"('52.36048487951793', '4.875440279784243', datetime.datetime(2019, 11, 5, 15, 49, 25, tzinfo=tzutc()))","('52.364563873146174', '4.88338102092348', datetime.datetime(2019, 11, 5, 15, 49, 10, tzinfo=tzutc()))",0.9919010120576031
831,2019-11-05 15:50:02+00:00,"('52.36021624636092', '4.875826517882388', datetime.datetime(2019, 11, 5, 15, 49, 53, tzinfo=tzutc()))","('52.36397424290085', '4.882554900546893', datetime.datetime(2019, 11, 5, 15, 50, 11, tzinfo=tzutc()))",0.8562117924984177
832,2019-11-05 15:50:32+00:00,"('52.35973139213876', '4.87502185517792', datetime.datetime(2019, 11, 5, 15, 50, 47, tzinfo=tzutc()))","('52.36397424290085', '4.882554900546893', datetime.datetime(2019, 11, 5, 15, 50, 11, tzinfo=tzutc()))",0.9605230232735873
833,2019-11-05 15:51:02+00:00,"('52.35973139213876', '4.87502185517792', datetime.datetime(2019, 11, 5, 15, 50, 47, tzinfo=tzutc()))","('52.363503906879245', '4.88155823273496', datetime.datetime(2019, 11, 5, 15, 51, 12, tzinfo=tzutc()))",0.8384213857892455
834,2019-11-05 15:51:32+00:00,"('52.3601769340546', '4.874463955702822', datetime.datetime(2019, 11, 5, 15, 51, 31, tzinfo=tzutc()))","('52.363503906879245', '4.88155823273496', datetime.datetime(2019, 11, 5, 15, 51, 12, tzinfo=tzutc()))",0.8707171825893418
835,2019-11-05 15:52:02+00:00,"('52.360530743552246', '4.87452832871918', datetime.datetime(2019, 11, 5, 15, 51, 59, tzinfo=tzutc()))","('52.3631370179605', '4.880431704948705', datetime.datetime(2019, 11, 5, 15, 52, 13, tzinfo=tzutc()))",0.7171289271564069
836,2019-11-05 15:52:32+00:00,,"('52.3631370179605', '4.880431704948705', datetime.datetime(2019, 11, 5, 15, 52, 13, tzinfo=tzutc()))",
837,2019-11-05 15:53:02+00:00,,,
838,2019-11-05 15:53:32+00:00,,"('52.36370700479203', '4.878693633507055', datetime.datetime(2019, 11, 5, 15, 53, 48, tzinfo=tzutc()))",
839,2019-11-05 15:54:02+00:00,,"('52.36370700479203', '4.878693633507055', datetime.datetime(2019, 11, 5, 15, 53, 48, tzinfo=tzutc()))",
840,2019-11-05 15:54:32+00:00,,"('52.36334666914428', '4.877292513493558', datetime.datetime(2019, 11, 5, 15, 55, 1, tzinfo=tzutc()))",
841,2019-11-05 15:55:02+00:00,,"('52.36334666914428', '4.877292513493558', datetime.datetime(2019, 11, 5, 15, 55, 1, tzinfo=tzutc()))",
842,2019-11-05 15:55:32+00:00,,"('52.363084605009135', '4.876165985707303', datetime.datetime(2019, 11, 5, 15, 55, 59, tzinfo=tzutc()))",
843,2019-11-05 15:56:02+00:00,,"('52.363084605009135', '4.876165985707303', datetime.datetime(2019, 11, 5, 15, 55, 59, tzinfo=tzutc()))",
844,2019-11-05 15:56:32+00:00,,"('52.36277012599511', '4.875007271412869', datetime.datetime(2019, 11, 5, 15, 57, tzinfo=tzutc()))",
845,2019-11-05 15:57:02+00:00,,"('52.36277012599511', '4.875007271412869', datetime.datetime(2019, 11, 5, 15, 57, tzinfo=tzutc()))",
846,2019-11-05 15:57:32+00:00,,,
847,2019-11-05 15:58:02+00:00,,"('52.36237702407994', '4.873633980397244', datetime.datetime(2019, 11, 5, 15, 58, 13, tzinfo=tzutc()))",
848,2019-11-05 15:58:32+00:00,,"('52.36237702407994', '4.873633980397244', datetime.datetime(2019, 11, 5, 15, 58, 13, tzinfo=tzutc()))",
849,2019-11-05 15:59:02+00:00,,"('52.36206120993344', '4.872350170099139', datetime.datetime(2019, 11, 5, 15, 59, 20, tzinfo=tzutc()))",
850,2019-11-05 15:59:32+00:00,,"('52.36206120993344', '4.872350170099139', datetime.datetime(2019, 11, 5, 15, 59, 20, tzinfo=tzutc()))",
851,2019-11-05 16:00:02+00:00,,"('52.36191707065795', '4.8717171687716245', datetime.datetime(2019, 11, 5, 15, 59, 52, tzinfo=tzutc()))",
852,2019-11-05 16:00:32+00:00,,"('52.36166154987763', '4.870665742837787', datetime.datetime(2019, 11, 5, 16, 0, 46, tzinfo=tzutc()))",
853,2019-11-05 16:01:02+00:00,,"('52.36166154987763', '4.870665742837787', datetime.datetime(2019, 11, 5, 16, 0, 46, tzinfo=tzutc()))",
854,2019-11-05 16:01:32+00:00,,"('52.36139292387423', '4.869453384363055', datetime.datetime(2019, 11, 5, 16, 1, 48, tzinfo=tzutc()))",
855,2019-11-05 16:02:02+00:00,,"('52.36139292387423', '4.869453384363055', datetime.datetime(2019, 11, 5, 16, 1, 48, tzinfo=tzutc()))",
856,2019-11-05 16:02:32+00:00,,"('52.36109861068415', '4.868493962964408', datetime.datetime(2019, 11, 5, 16, 2, 40, tzinfo=tzutc()))",
857,2019-11-05 16:03:02+00:00,,"('52.36109861068415', '4.868493962964408', datetime.datetime(2019, 11, 5, 16, 2, 40, tzinfo=tzutc()))",
858,2019-11-05 16:03:32+00:00,,"('52.360436862081684', '4.868064809522025', datetime.datetime(2019, 11, 5, 16, 3, 36, tzinfo=tzutc()))",
859,2019-11-05 16:04:02+00:00,,"('52.360436862081684', '4.868064809522025', datetime.datetime(2019, 11, 5, 16, 3, 36, tzinfo=tzutc()))",
860,2019-11-05 16:04:32+00:00,,"('52.359788207793756', '4.868526149472586', datetime.datetime(2019, 11, 5, 16, 4, 32, tzinfo=tzutc()))",
861,2019-11-05 16:05:02+00:00,,,
862,2019-11-05 16:05:32+00:00,,"('52.35980131201503', '4.869899440488211', datetime.datetime(2019, 11, 5, 16, 5, 38, tzinfo=tzutc()))",
863,2019-11-05 16:06:02+00:00,,"('52.35980131201503', '4.869899440488211', datetime.datetime(2019, 11, 5, 16, 5, 38, tzinfo=tzutc()))",
864,2019-11-05 16:06:32+00:00,,"('52.36007649976396', '4.871101070126883', datetime.datetime(2019, 11, 5, 16, 6, 40, tzinfo=tzutc()))",
865,2019-11-05 16:07:02+00:00,,"('52.36007649976396', '4.871101070126883', datetime.datetime(2019, 11, 5, 16, 6, 40, tzinfo=tzutc()))",
866,2019-11-05 16:07:32+00:00,,"('52.35976855145457', '4.871884275159232', datetime.datetime(2019, 11, 5, 16, 7, 25, tzinfo=tzutc()))",
867,2019-11-05 16:08:02+00:00,,"('52.35920506601309', '4.872313428601615', datetime.datetime(2019, 11, 5, 16, 8, 14, tzinfo=tzutc()))",
868,2019-11-05 16:08:32+00:00,,"('52.35920506601309', '4.872313428601615', datetime.datetime(2019, 11, 5, 16, 8, 14, tzinfo=tzutc()))",
869,2019-11-05 16:09:02+00:00,,"('52.35934266195841', '4.873386312207572', datetime.datetime(2019, 11, 5, 16, 9, 7, tzinfo=tzutc()))",
870,2019-11-05 16:09:32+00:00,,"('52.35934266195841', '4.873386312207572', datetime.datetime(2019, 11, 5, 16, 9, 7, tzinfo=tzutc()))",
871,2019-11-05 16:10:02+00:00,,"('52.35991924983156', '4.87343995638787', datetime.datetime(2019, 11, 5, 16, 9, 52, tzinfo=tzutc()))",
872,2019-11-05 16:10:32+00:00,,"('52.36027961343171', '4.87416951723992', datetime.datetime(2019, 11, 5, 16, 10, 37, tzinfo=tzutc()))",
873,2019-11-05 16:11:02+00:00,,"('52.36027961343171', '4.87416951723992', datetime.datetime(2019, 11, 5, 16, 10, 37, tzinfo=tzutc()))",
874,2019-11-05 16:11:32+00:00,,"('52.36016822863275', '4.874459195813529', datetime.datetime(2019, 11, 5, 16, 11, 51, tzinfo=tzutc()))",
875,2019-11-05 16:12:02+00:00,,"('52.36016822863275', '4.874459195813529', datetime.datetime(2019, 11, 5, 16, 11, 51, tzinfo=tzutc()))",
876,2019-11-05 16:12:32+00:00,,"('52.35977938807861', '4.874940547385222', datetime.datetime(2019, 11, 5, 16, 12, 30, tzinfo=tzutc()))",
877,2019-11-05 16:13:02+00:00,,"('52.359202798380416', '4.874640139975554', datetime.datetime(2019, 11, 5, 16, 12, 57, tzinfo=tzutc()))",
878,2019-11-05 16:13:32+00:00,,"('52.358658962566004', '4.874329003729827', datetime.datetime(2019, 11, 5, 16, 13, 42, tzinfo=tzutc()))",
879,2019-11-05 16:14:02+00:00,,"('52.358658962566004', '4.874329003729827', datetime.datetime(2019, 11, 5, 16, 13, 42, tzinfo=tzutc()))",
880,2019-11-05 16:14:32+00:00,,"('52.35816753890497', '4.873942765631682', datetime.datetime(2019, 11, 5, 16, 14, 25, tzinfo=tzutc()))",
881,2019-11-05 16:15:02+00:00,,"('52.35836842594926', '4.875032142575037', datetime.datetime(2019, 11, 5, 16, 15, 20, tzinfo=tzutc()))",
882,2019-11-05 16:15:32+00:00,,"('52.35836842594926', '4.875032142575037', datetime.datetime(2019, 11, 5, 16, 15, 20, tzinfo=tzutc()))",
883,2019-11-05 16:16:02+00:00,,"('52.358656727182385', '4.876137212689173', datetime.datetime(2019, 11, 5, 16, 16, 18, tzinfo=tzutc()))",
884,2019-11-05 16:16:32+00:00,,"('52.358656727182385', '4.876137212689173', datetime.datetime(2019, 11, 5, 16, 16, 18, tzinfo=tzutc()))",
885,2019-11-05 16:17:02+00:00,,"('52.358945026534585', '4.877102807934534', datetime.datetime(2019, 11, 5, 16, 17, 10, tzinfo=tzutc()))",
886,2019-11-05 16:17:32+00:00,,"('52.358945026534585', '4.877102807934534', datetime.datetime(2019, 11, 5, 16, 17, 10, tzinfo=tzutc()))",
887,2019-11-05 16:18:02+00:00,,"('52.35943644154942', '4.877649978573572', datetime.datetime(2019, 11, 5, 16, 17, 57, tzinfo=tzutc()))",
888,2019-11-05 16:18:32+00:00,,,
889,2019-11-05 16:19:02+00:00,,"('52.359871925605354', '4.879382304581554', datetime.datetime(2019, 11, 5, 16, 19, 27, tzinfo=tzutc()))",
890,2019-11-05 16:19:32+00:00,,"('52.359871925605354', '4.879382304581554', datetime.datetime(2019, 11, 5, 16, 19, 27, tzinfo=tzutc()))",
891,2019-11-05 16:20:02+00:00,,,
892,2019-11-05 16:20:32+00:00,,"('52.36025194572435', '4.880766324433239', datetime.datetime(2019, 11, 5, 16, 20, 40, tzinfo=tzutc()))",
893,2019-11-05 16:21:02+00:00,,"('52.36025194572435', '4.880766324433239', datetime.datetime(2019, 11, 5, 16, 20, 40, tzinfo=tzutc()))",
894,2019-11-05 16:21:32+00:00,,"('52.36068437843596', '4.882268361481579', datetime.datetime(2019, 11, 5, 16, 22, tzinfo=tzutc()))",
895,2019-11-05 16:22:02+00:00,,"('52.36068437843596', '4.882268361481579', datetime.datetime(2019, 11, 5, 16, 22, tzinfo=tzutc()))",
896,2019-11-05 16:22:32+00:00,,,
897,2019-11-05 16:23:02+00:00,,,
898,2019-11-05 16:23:32+00:00,,"('52.36116267029398', '4.8840708059395865', datetime.datetime(2019, 11, 5, 16, 23, 35, tzinfo=tzutc()))",
899,2019-11-05 16:24:02+00:00,,"('52.36116267029398', '4.8840708059395865', datetime.datetime(2019, 11, 5, 16, 23, 35, tzinfo=tzutc()))",
900,2019-11-05 16:24:32+00:00,,"('52.36103818387041', '4.885272435578258', datetime.datetime(2019, 11, 5, 16, 24, 34, tzinfo=tzutc()))",
901,2019-11-05 16:25:02+00:00,,"('52.36103818387041', '4.885272435578258', datetime.datetime(2019, 11, 5, 16, 24, 34, tzinfo=tzutc()))",
902,2019-11-05 16:25:32+00:00,,"('52.36064506654615', '4.886130742463024', datetime.datetime(2019, 11, 5, 16, 25, 26, tzinfo=tzutc()))",
903,2019-11-05 16:26:02+00:00,,"('52.36130026014357', '4.886903218659313', datetime.datetime(2019, 11, 5, 16, 26, 30, tzinfo=tzutc()))",
904,2019-11-05 16:26:32+00:00,,"('52.36130026014357', '4.886903218659313', datetime.datetime(2019, 11, 5, 16, 26, 30, tzinfo=tzutc()))",
905,2019-11-05 16:27:02+00:00,,,
906,2019-11-05 16:27:32+00:00,,"('52.362027513659655', '4.887407473954113', datetime.datetime(2019, 11, 5, 16, 27, 32, tzinfo=tzutc()))",
907,2019-11-05 16:28:02+00:00,,,
908,2019-11-05 16:28:32+00:00,,"('52.362723826591555', '4.887997559937389', datetime.datetime(2019, 11, 5, 16, 28, 34, tzinfo=tzutc()))",
909,2019-11-05 16:29:02+00:00,,"('52.362723826591555', '4.887997559937389', datetime.datetime(2019, 11, 5, 16, 28, 34, tzinfo=tzutc()))",
910,2019-11-05 16:29:32+00:00,,,
911,2019-11-05 16:30:02+00:00,,"('52.36375897932164', '4.889006070526989', datetime.datetime(2019, 11, 5, 16, 30, 9, tzinfo=tzutc()))",
912,2019-11-05 16:30:32+00:00,,"('52.36375897932164', '4.889006070526989', datetime.datetime(2019, 11, 5, 16, 30, 9, tzinfo=tzutc()))",
913,2019-11-05 16:31:02+00:00,,"('52.36456363355535', '4.889711484072905', datetime.datetime(2019, 11, 5, 16, 31, 21, tzinfo=tzutc()))",
914,2019-11-05 16:31:32+00:00,,"('52.36456363355535', '4.889711484072905', datetime.datetime(2019, 11, 5, 16, 31, 21, tzinfo=tzutc()))",
915,2019-11-05 16:32:02+00:00,,,
916,2019-11-05 16:32:32+00:00,,"('52.365421859076406', '4.890408858416777', datetime.datetime(2019, 11, 5, 16, 32, 37, tzinfo=tzutc()))",
917,2019-11-05 16:33:02+00:00,,"('52.365421859076406', '4.890408858416777', datetime.datetime(2019, 11, 5, 16, 32, 37, tzinfo=tzutc()))",
918,2019-11-05 16:33:32+00:00,,"('52.36515325593473', '4.891943081973295', datetime.datetime(2019, 11, 5, 16, 33, 54, tzinfo=tzutc()))",
919,2019-11-05 16:34:02+00:00,,"('52.36515325593473', '4.891943081973295', datetime.datetime(2019, 11, 5, 16, 33, 54, tzinfo=tzutc()))",
920,2019-11-05 16:34:32+00:00,,"('52.365087742725606', '4.8926833716614055', datetime.datetime(2019, 11, 5, 16, 34, 30, tzinfo=tzutc()))",
921,2019-11-05 16:35:02+00:00,,,
922,2019-11-05 16:35:32+00:00,,"('52.36590665085695', '4.893015965579252', datetime.datetime(2019, 11, 5, 16, 35, 37, tzinfo=tzutc()))",
923,2019-11-05 16:36:02+00:00,,"('52.36590665085695', '4.893015965579252', datetime.datetime(2019, 11, 5, 16, 35, 37, tzinfo=tzutc()))",
924,2019-11-05 16:36:32+00:00,,"('52.366783436729776', '4.893304333829292', datetime.datetime(2019, 11, 5, 16, 36, 48, tzinfo=tzutc()))",
925,2019-11-05 16:37:02+00:00,,"('52.366783436729776', '4.893304333829292', datetime.datetime(2019, 11, 5, 16, 36, 48, tzinfo=tzutc()))",
926,2019-11-05 16:37:32+00:00,,"('52.36707168305912', '4.8940875388616405', datetime.datetime(2019, 11, 5, 16, 37, 32, tzinfo=tzutc()))",
927,2019-11-05 16:38:02+00:00,,,
928,2019-11-05 16:38:32+00:00,,"('52.36700617269488', '4.895696864270576', datetime.datetime(2019, 11, 5, 16, 38, 50, tzinfo=tzutc()))",
929,2019-11-05 16:39:02+00:00,,"('52.36700617269488', '4.895696864270576', datetime.datetime(2019, 11, 5, 16, 38, 50, tzinfo=tzutc()))",
930,2019-11-05 16:39:32+00:00,,"('52.367825045265555', '4.896061644696601', datetime.datetime(2019, 11, 5, 16, 39, 57, tzinfo=tzutc()))",
931,2019-11-05 16:40:02+00:00,,"('52.367825045265555', '4.896061644696601', datetime.datetime(2019, 11, 5, 16, 39, 57, tzinfo=tzutc()))",
932,2019-11-05 16:40:32+00:00,,"('52.36843427661034', '4.8966088153356395', datetime.datetime(2019, 11, 5, 16, 40, 52, tzinfo=tzutc()))",
933,2019-11-05 16:41:02+00:00,,"('52.36843427661034', '4.8966088153356395', datetime.datetime(2019, 11, 5, 16, 40, 52, tzinfo=tzutc()))",
934,2019-11-05 16:41:32+00:00,,"('52.369076253236585', '4.897231087827095', datetime.datetime(2019, 11, 5, 16, 41, 51, tzinfo=tzutc()))",
935,2019-11-05 16:42:02+00:00,,"('52.369076253236585', '4.897231087827095', datetime.datetime(2019, 11, 5, 16, 41, 51, tzinfo=tzutc()))",
936,2019-11-05 16:42:32+00:00,,"('52.36977062561465', '4.897917733334907', datetime.datetime(2019, 11, 5, 16, 42, 55, tzinfo=tzutc()))",
937,2019-11-05 16:43:02+00:00,,"('52.36977062561465', '4.897917733334907', datetime.datetime(2019, 11, 5, 16, 42, 55, tzinfo=tzutc()))",
938,2019-11-05 16:43:32+00:00,,,
939,2019-11-05 16:44:02+00:00,,"('52.37059144546891', '4.8986580230230174', datetime.datetime(2019, 11, 5, 16, 44, 9, tzinfo=tzutc()))",
940,2019-11-05 16:44:32+00:00,,"('52.37059144546891', '4.8986580230230174', datetime.datetime(2019, 11, 5, 16, 44, 9, tzinfo=tzutc()))",
941,2019-11-05 16:45:02+00:00,,"('52.37120718907928', '4.8992051936620555', datetime.datetime(2019, 11, 5, 16, 45, 4, tzinfo=tzutc()))",
942,2019-11-05 16:45:32+00:00,,"('52.37120718907928', '4.8992051936620555', datetime.datetime(2019, 11, 5, 16, 45, 4, tzinfo=tzutc()))",
943,2019-11-05 16:46:02+00:00,,"('52.3719473801431', '4.899816737317451', datetime.datetime(2019, 11, 5, 16, 46, 9, tzinfo=tzutc()))",
944,2019-11-05 16:46:32+00:00,,"('52.3719473801431', '4.899816737317451', datetime.datetime(2019, 11, 5, 16, 46, 9, tzinfo=tzutc()))",
945,2019-11-05 16:47:02+00:00,,"('52.37231419589646', '4.900557027005561', datetime.datetime(2019, 11, 5, 16, 46, 55, tzinfo=tzutc()))",
946,2019-11-05 16:47:32+00:00,,"('52.3721373386814', '4.901619181775459', datetime.datetime(2019, 11, 5, 16, 47, 48, tzinfo=tzutc()))",
947,2019-11-05 16:48:02+00:00,,"('52.3721373386814', '4.901619181775459', datetime.datetime(2019, 11, 5, 16, 47, 48, tzinfo=tzutc()))",
948,2019-11-05 16:48:32+00:00,,"('52.3720849364076', '4.90233801379145', datetime.datetime(2019, 11, 5, 16, 48, 23, tzinfo=tzutc()))",
949,2019-11-05 16:49:02+00:00,,"('52.3716853670255', '4.90308903231562', datetime.datetime(2019, 11, 5, 16, 49, 11, tzinfo=tzutc()))",
950,2019-11-05 16:49:32+00:00,,"('52.3716853670255', '4.90308903231562', datetime.datetime(2019, 11, 5, 16, 49, 11, tzinfo=tzutc()))",
951,2019-11-05 16:50:02+00:00,,"('52.371338197250644', '4.903764948987373', datetime.datetime(2019, 11, 5, 16, 49, 53, tzinfo=tzutc()))",
952,2019-11-05 16:50:32+00:00,,"('52.37084036413225', '4.904258475446113', datetime.datetime(2019, 11, 5, 16, 50, 39, tzinfo=tzutc()))",
953,2019-11-05 16:51:02+00:00,,"('52.37084036413225', '4.904258475446113', datetime.datetime(2019, 11, 5, 16, 50, 39, tzinfo=tzutc()))",
954,2019-11-05 16:51:32+00:00,,"('52.3714037011906', '4.905470833920845', datetime.datetime(2019, 11, 5, 16, 51, 52, tzinfo=tzutc()))",
955,2019-11-05 16:52:02+00:00,"('52.36019003816059', '4.874549786391299', datetime.datetime(2019, 11, 5, 16, 52, 26, tzinfo=tzutc()))","('52.3714037011906', '4.905470833920845', datetime.datetime(2019, 11, 5, 16, 51, 52, tzinfo=tzutc()))",3.6558343452799535
956,2019-11-05 16:52:32+00:00,"('52.36019003816059', '4.874549786391299', datetime.datetime(2019, 11, 5, 16, 52, 26, tzinfo=tzutc()))","('52.37179017245904', '4.906361327313789', datetime.datetime(2019, 11, 5, 16, 52, 44, tzinfo=tzutc()))",3.7635159130464033
957,2019-11-05 16:53:02+00:00,"('52.35965931875967', '4.874989668669741', datetime.datetime(2019, 11, 5, 16, 53, 13, tzinfo=tzutc()))","('52.37179017245904', '4.906361327313789', datetime.datetime(2019, 11, 5, 16, 52, 44, tzinfo=tzutc()))",3.7383148540920748
958,2019-11-05 16:53:32+00:00,"('52.35965931875967', '4.874989668669741', datetime.datetime(2019, 11, 5, 16, 53, 13, tzinfo=tzutc()))","('52.37137094923278', '4.907176718854316', datetime.datetime(2019, 11, 5, 16, 53, 35, tzinfo=tzutc()))",3.8069794081469244
959,2019-11-05 16:54:02+00:00,"('52.360150725830984', '4.875933806242983', datetime.datetime(2019, 11, 5, 16, 54, 13, tzinfo=tzutc()))","('52.37137094923278', '4.907176718854316', datetime.datetime(2019, 11, 5, 16, 53, 35, tzinfo=tzutc()))",3.6897580291319687
960,2019-11-05 16:54:32+00:00,"('52.360150725830984', '4.875933806242983', datetime.datetime(2019, 11, 5, 16, 54, 13, tzinfo=tzutc()))","('52.3715871117057', '4.9079706527227245', datetime.datetime(2019, 11, 5, 16, 54, 17, tzinfo=tzutc()))",3.7809534204457704
961,2019-11-05 16:55:02+00:00,"('52.36051108754335', '4.87552611047272', datetime.datetime(2019, 11, 5, 16, 54, 47, tzinfo=tzutc()))","('52.37121834235107', '4.909035125848277', datetime.datetime(2019, 11, 5, 16, 55, 16, tzinfo=tzutc()))",3.9103092904636214
962,2019-11-05 16:55:32+00:00,"('52.361140075490596', '4.876137654128115', datetime.datetime(2019, 11, 5, 16, 55, 45, tzinfo=tzutc()))","('52.37121834235107', '4.909035125848277', datetime.datetime(2019, 11, 5, 16, 55, 16, tzinfo=tzutc()))",3.8246468838146552
963,2019-11-05 16:56:02+00:00,"('52.361140075490596', '4.876137654128115', datetime.datetime(2019, 11, 5, 16, 55, 45, tzinfo=tzutc()))","('52.37081876512938', '4.909582296487315', datetime.datetime(2019, 11, 5, 16, 55, 57, tzinfo=tzutc()))",3.8703816136706215
964,2019-11-05 16:56:32+00:00,"('52.361919746038595', '4.875965992751162', datetime.datetime(2019, 11, 5, 16, 56, 47, tzinfo=tzutc()))",,
965,2019-11-05 16:57:02+00:00,"('52.361919746038595', '4.875965992751162', datetime.datetime(2019, 11, 5, 16, 56, 47, tzinfo=tzutc()))","('52.37045193695653', '4.911255994912608', datetime.datetime(2019, 11, 5, 16, 57, 23, tzinfo=tzutc()))",4.036318819426221
966,2019-11-05 16:57:32+00:00,"('52.362128961317815', '4.87666140465933', datetime.datetime(2019, 11, 5, 16, 57, 24, tzinfo=tzutc()))","('52.37045193695653', '4.911255994912608', datetime.datetime(2019, 11, 5, 16, 57, 23, tzinfo=tzutc()))",3.9557170096718868
967,2019-11-05 16:58:02+00:00,"('52.362374651804046', '4.8775840845604534', datetime.datetime(2019, 11, 5, 16, 58, 12, tzinfo=tzutc()))","('52.3703143756063', '4.912125030633433', datetime.datetime(2019, 11, 5, 16, 58, 6, tzinfo=tzutc()))",3.940220418136573
968,2019-11-05 16:58:32+00:00,"('52.362374651804046', '4.8775840845604534', datetime.datetime(2019, 11, 5, 16, 58, 12, tzinfo=tzutc()))","('52.3703143756063', '4.912125030633433', datetime.datetime(2019, 11, 5, 16, 58, 6, tzinfo=tzutc()))",3.940220418136573
